,,,,,,,,,,% of FGA by Distance,,,,,,FG% by Distance,,,,,,% of FG Ast'd,,Dunks,,Corner 3s,,Heaves,,
Rk,Player,Age,Team,Pos,G,GS,MP,FG%,Dist.,2P,0-3,10-Mar,16-Oct,16-3P,3P,2P,0-3,10-Mar,16-Oct,16-3P,3P,2P,3P,%FGA,#,%3PA,3P%,Att.,Md.,Awards
1,LeBron James,33,CLE,PF,82,82,3026,0.542,10.9,0.743,0.423,0.114,0.089,0.118,0.257,0.603,0.766,0.378,0.421,0.371,0.367,0.301,0.356,0.08,120,0.084,0.382,1,0,"MVP-2,AS,NBA1"
2,Khris Middleton,26,MIL,SF,82,82,2982,0.466,15.1,0.68,0.14,0.133,0.218,0.189,0.32,0.517,0.629,0.444,0.545,0.452,0.359,0.427,0.842,0.023,27,0.199,0.432,1,0,
3,Andrew Wiggins,22,MIN,SF,82,82,2979,0.438,13.1,0.74,0.229,0.179,0.137,0.195,0.26,0.475,0.695,0.459,0.348,0.32,0.331,0.47,0.848,0.047,58,0.18,0.426,0,0,
4,Bradley Beal,24,WAS,SG,82,82,2977,0.46,15.2,0.643,0.206,0.104,0.146,0.187,0.357,0.507,0.682,0.394,0.463,0.414,0.375,0.355,0.784,0.034,42,0.098,0.404,3,0,AS
5,Jrue Holiday,27,NOP,SG,81,81,2927,0.494,11.6,0.714,0.298,0.219,0.11,0.085,0.286,0.557,0.671,0.487,0.438,0.5,0.337,0.345,0.708,0.03,31,0.163,0.293,2,0,"DPOY-7,DEF1"
6,CJ McCollum,26,POR,SG,81,81,2923,0.443,14.4,0.684,0.183,0.153,0.169,0.179,0.316,0.465,0.547,0.4,0.469,0.431,0.397,0.218,0.624,0.007,11,0.124,0.356,0,0,
7,Karl-Anthony Towns,22,MIN,C,82,82,2918,0.545,10.3,0.757,0.341,0.246,0.089,0.08,0.243,0.585,0.723,0.476,0.442,0.5,0.421,0.642,0.975,0.096,96,0.161,0.565,1,0,"AS,NBA3"
8,Russell Westbrook,29,OKC,PG,80,80,2914,0.449,11.3,0.807,0.375,0.072,0.151,0.209,0.193,0.485,0.611,0.306,0.382,0.394,0.298,0.17,0.433,0.043,57,0.055,0.333,1,0,"MVP-5,AS,NBA2"
9,Paul George,27,OKC,SF,79,79,2891,0.43,16.1,0.546,0.196,0.091,0.113,0.146,0.454,0.454,0.669,0.32,0.358,0.323,0.401,0.358,0.803,0.032,38,0.195,0.437,4,0,"DPOY-4,AS,NBA3"
10,Giannis Antetokounmpo,23,MIL,PF,75,75,2756,0.529,8.4,0.9,0.454,0.173,0.114,0.16,0.1,0.554,0.756,0.355,0.35,0.339,0.307,0.429,0.907,0.122,161,0.107,0.333,1,0,"MVP-6,AS,NBA2"
11,Kemba Walker,27,CHO,PG,80,80,2736,0.431,16,0.559,0.227,0.086,0.095,0.151,0.441,0.469,0.573,0.316,0.408,0.437,0.384,0.151,0.481,0.001,0,0.048,0.379,7,0,AS
12,Ben Simmons,21,PHI,PG,81,81,2732,0.545,5.5,0.989,0.462,0.325,0.174,0.028,0.011,0.551,0.744,0.417,0.316,0.393,0,0.344,,0.161,148,0,,8,0,ROY-1
13,Anthony Davis,24,NOP,PF,75,75,2727,0.534,9.2,0.889,0.374,0.201,0.157,0.157,0.111,0.558,0.744,0.483,0.428,0.339,0.34,0.701,0.909,0.154,211,0.093,0.4,3,0,"MVP-3,DPOY-3,AS,NBA1,DEF1"
14,Taj Gibson,32,MIN,PF,82,82,2726,0.577,6.5,0.953,0.482,0.236,0.117,0.118,0.047,0.595,0.752,0.466,0.442,0.368,0.2,0.711,1,0.125,89,0.771,0.222,1,0,
15,DeMar DeRozan,28,TOR,SG,80,80,2711,0.456,12.9,0.797,0.199,0.168,0.243,0.186,0.203,0.494,0.676,0.456,0.442,0.403,0.31,0.263,0.674,0.021,28,0.289,0.301,4,0,"MVP-8,AS,NBA2"
16,Josh Richardson,24,MIA,SF,81,81,2689,0.451,14.9,0.62,0.198,0.141,0.119,0.163,0.38,0.495,0.611,0.464,0.457,0.41,0.378,0.397,0.953,0.025,20,0.25,0.345,1,0,
17,Will Barton,27,DEN,SG,81,40,2683,0.452,13.3,0.589,0.284,0.201,0.057,0.047,0.411,0.51,0.661,0.377,0.407,0.292,0.37,0.392,0.731,0.04,38,0.09,0.421,3,0,6MOY-4
18,Damian Lillard,27,POR,PG,73,73,2670,0.439,15.6,0.555,0.271,0.088,0.079,0.117,0.445,0.501,0.552,0.452,0.429,0.473,0.361,0.18,0.436,0.009,11,0.04,0.4,0,0,"MVP-4,AS,NBA1"
19,Tobias Harris,25,2TM,PF,80,80,2668,0.46,13.8,0.636,0.212,0.183,0.156,0.084,0.364,0.488,0.645,0.402,0.455,0.343,0.411,0.459,0.869,0.048,53,0.227,0.446,1,0,
19,Tobias Harris,25,DET,PF,48,48,1563,0.451,14.4,0.611,0.192,0.182,0.165,0.072,0.389,0.478,0.625,0.426,0.436,0.314,0.409,0.488,0.858,0.049,32,0.217,0.417,1,0,
19,Tobias Harris,25,LAC,PF,32,32,1105,0.473,13.1,0.67,0.24,0.186,0.145,0.1,0.33,0.501,0.667,0.368,0.486,0.373,0.414,0.424,0.886,0.047,21,0.243,0.488,0,0,
20,Donovan Mitchell,21,UTA,SG,79,71,2638,0.437,14.4,0.596,0.26,0.147,0.096,0.094,0.404,0.502,0.638,0.38,0.374,0.445,0.34,0.248,0.658,0.036,42,0.109,0.5,2,0,ROY-2
21,Harrison Barnes,25,DAL,PF,77,77,2634,0.445,13.2,0.724,0.21,0.205,0.136,0.172,0.276,0.478,0.63,0.44,0.354,0.438,0.357,0.366,0.832,0.031,34,0.255,0.412,3,0,
22,Andre Drummond,24,DET,C,78,78,2625,0.529,3.2,0.988,0.659,0.271,0.056,0.002,0.012,0.536,0.649,0.314,0.286,0,0,0.545,,0.188,144,0,,4,0,"DPOY-15,AS"
23,Thaddeus Young,29,IND,PF,81,81,2607,0.487,9.2,0.791,0.387,0.256,0.073,0.076,0.209,0.531,0.626,0.466,0.349,0.439,0.32,0.565,0.948,0.052,40,0.331,0.317,2,0,
24,Lou Williams,31,LAC,SG,79,19,2589,0.435,14.7,0.613,0.222,0.146,0.12,0.123,0.387,0.484,0.603,0.379,0.472,0.406,0.359,0.242,0.651,0.01,13,0.195,0.277,4,1,6MOY-1
25,E'Twaun Moore,28,NOP,SG,82,80,2586,0.508,13.1,0.638,0.225,0.234,0.093,0.087,0.362,0.556,0.642,0.574,0.429,0.417,0.425,0.641,0.984,0.013,11,0.405,0.5,0,0,
26,Joe Ingles,30,UTA,SF,82,81,2578,0.467,18,0.354,0.164,0.103,0.04,0.046,0.646,0.516,0.678,0.392,0.379,0.333,0.44,0.359,0.848,0.008,6,0.295,0.526,1,0,
27,Jamal Murray,20,DEN,PG,81,80,2565,0.451,15.1,0.589,0.194,0.158,0.116,0.121,0.411,0.502,0.621,0.452,0.48,0.395,0.378,0.398,0.77,0.03,27,0.126,0.455,5,0,
28,Victor Oladipo,25,IND,SG,75,75,2552,0.477,14.5,0.677,0.267,0.082,0.095,0.231,0.323,0.528,0.69,0.364,0.438,0.439,0.371,0.28,0.553,0.052,61,0.099,0.581,2,0,"MVP-13,DPOY-15,MIP-1,AS,NBA3,DEF1"
29,James Harden,28,HOU,SG,72,72,2551,0.449,15.3,0.502,0.273,0.118,0.071,0.039,0.498,0.531,0.658,0.351,0.437,0.368,0.367,0.088,0.26,0.013,19,0.072,0.327,2,0,"MVP-1,AS,NBA1"
30,Robert Covington,27,PHI,SF,80,80,2532,0.413,18.9,0.342,0.178,0.069,0.031,0.063,0.658,0.497,0.664,0.379,0.192,0.302,0.369,0.81,0.97,0.037,27,0.113,0.387,4,0,"DPOY-8,DEF1"
31,Kyle Lowry,31,TOR,PG,78,78,2510,0.427,18.5,0.369,0.175,0.085,0.055,0.054,0.631,0.474,0.655,0.275,0.327,0.353,0.399,0.267,0.643,0,0,0.102,0.475,1,0,AS
32,LaMarcus Aldridge,32,SAS,C,75,75,2509,0.51,9.8,0.932,0.275,0.212,0.256,0.189,0.068,0.526,0.735,0.446,0.438,0.431,0.293,0.502,0.963,0.036,46,0.163,0.467,1,0,"MVP-9,AS,NBA2"
33,Klay Thompson,27,GSW,SG,73,73,2506,0.488,17.9,0.558,0.121,0.054,0.14,0.244,0.442,0.526,0.678,0.359,0.485,0.507,0.44,0.743,0.952,0.009,11,0.175,0.473,2,0,"DPOY-11,AS"
34,Carmelo Anthony,33,OKC,PF,78,78,2501,0.404,17.1,0.594,0.12,0.063,0.184,0.228,0.406,0.437,0.571,0.329,0.456,0.38,0.357,0.376,0.876,0.02,17,0.116,0.327,0,0,
35,Steven Adams,24,OKC,C,76,76,2487,0.629,2.6,0.997,0.708,0.233,0.052,0.004,0.003,0.631,0.688,0.494,0.514,0,0,0.69,,0.242,150,0,,2,0,DPOY-12
36,Taurean Prince,23,ATL,SF,82,82,2464,0.426,14.9,0.531,0.234,0.139,0.095,0.063,0.469,0.461,0.61,0.39,0.355,0.23,0.385,0.381,0.898,0.024,21,0.223,0.48,0,0,
37,Bojan Bogdanović,28,IND,SF,80,80,2464,0.474,14.7,0.547,0.262,0.123,0.096,0.066,0.453,0.534,0.632,0.448,0.463,0.411,0.402,0.53,0.942,0.016,13,0.272,0.457,0,0,
38,Dwight Howard,32,CHO,C,81,81,2463,0.555,4.7,0.992,0.568,0.28,0.053,0.092,0.008,0.559,0.7,0.392,0.313,0.333,0.143,0.57,1,0.21,174,0,,2,0,
39,Kentavious Caldwell-Pope,24,LAL,SG,74,74,2458,0.426,17.2,0.48,0.197,0.065,0.061,0.157,0.52,0.473,0.662,0.327,0.327,0.352,0.383,0.613,0.874,0.026,20,0.154,0.406,1,0,
40,Jayson Tatum,19,BOS,SF,80,80,2443,0.475,12.7,0.71,0.32,0.107,0.096,0.188,0.29,0.492,0.629,0.258,0.438,0.42,0.434,0.565,0.924,0.071,51,0.227,0.564,0,0,ROY-3
41,Nikola Jokić,22,DEN,C,75,73,2443,0.499,11.9,0.723,0.225,0.287,0.113,0.096,0.277,0.538,0.674,0.5,0.456,0.443,0.396,0.542,0.892,0.009,8,0.075,0.571,3,0,
42,Otto Porter Jr.,24,WAS,SF,77,77,2432,0.503,15.4,0.646,0.177,0.124,0.145,0.2,0.354,0.537,0.707,0.445,0.422,0.525,0.441,0.632,0.913,0.021,19,0.182,0.456,1,0,
43,DeAndre Jordan,29,LAC,C,77,77,2424,0.645,1.3,1,0.843,0.145,0.005,0.002,0,0.645,0.702,0.357,0.333,0,,0.665,,0.401,212,,,0,0,
44,Marc Gasol,33,MEM,C,73,73,2408,0.42,14.3,0.69,0.159,0.207,0.185,0.139,0.31,0.456,0.665,0.346,0.366,0.5,0.341,0.662,0.972,0.035,34,0.022,0.429,3,0,
45,Kyle Kuzma,22,LAL,PF,77,37,2401,0.45,14.1,0.582,0.257,0.176,0.074,0.073,0.418,0.511,0.64,0.443,0.364,0.382,0.366,0.531,0.881,0.035,29,0.18,0.372,1,0,"ROY-4,6MOY-9"
46,Goran Dragić,31,MIA,PG,75,75,2378,0.45,12.3,0.721,0.269,0.171,0.175,0.106,0.279,0.481,0.63,0.38,0.436,0.342,0.37,0.273,0.784,0,0,0.18,0.37,2,0,AS
47,Dillon Brooks,22,MEM,SF,82,74,2350,0.44,13.7,0.658,0.275,0.142,0.118,0.123,0.342,0.484,0.651,0.445,0.341,0.295,0.356,0.533,0.904,0.021,14,0.182,0.333,7,0,
48,Wilson Chandler,30,DEN,SF,74,71,2346,0.445,12.8,0.61,0.279,0.209,0.063,0.06,0.39,0.501,0.665,0.394,0.25,0.368,0.358,0.487,0.943,0.033,21,0.24,0.305,0,0,
49,Kevin Durant,29,GSW,SF,68,68,2325,0.516,15.4,0.662,0.179,0.096,0.201,0.185,0.338,0.565,0.758,0.513,0.492,0.487,0.419,0.488,0.688,0.084,94,0.094,0.564,3,0,"MVP-7,DPOY-9,AS,NBA1"
50,Eric Bledsoe,28,2TM,PG,74,74,2322,0.473,12.8,0.636,0.295,0.122,0.098,0.122,0.364,0.545,0.702,0.372,0.474,0.388,0.347,0.28,0.744,0.019,18,0.167,0.4,1,0,
50,Eric Bledsoe,28,PHO,PG,3,3,83,0.4,11.9,0.675,0.35,0.125,0.1,0.1,0.325,0.444,0.643,0.2,0.25,0.25,0.308,0,0,0,0,0.154,0,0,0,
50,Eric Bledsoe,28,MIL,PG,71,71,2239,0.476,13.8,0.634,0.293,0.122,0.098,0.123,0.366,0.55,0.705,0.379,0.484,0.393,0.349,0.29,0.769,0.02,18,0.167,0.414,1,0,
51,Jeff Teague,29,MIN,PG,70,70,2311,0.446,12.3,0.713,0.209,0.272,0.157,0.073,0.287,0.477,0.651,0.394,0.44,0.379,0.368,0.104,0.56,0.013,9,0.096,0.409,0,0,
52,Dario Šarić,23,PHI,PF,78,73,2310,0.453,15,0.552,0.252,0.142,0.046,0.111,0.448,0.501,0.661,0.405,0.317,0.343,0.393,0.663,1,0.02,18,0.1,0.375,0,0,
53,Courtney Lee,32,NYK,SG,76,69,2310,0.454,15.8,0.632,0.166,0.099,0.151,0.216,0.368,0.482,0.648,0.44,0.491,0.368,0.406,0.491,0.796,0.007,4,0.299,0.47,0,0,
54,Spencer Dinwiddie,24,BRK,PG,80,58,2306,0.387,16.1,0.483,0.233,0.122,0.084,0.045,0.517,0.452,0.574,0.324,0.371,0.316,0.326,0.142,0.596,0.017,12,0.081,0.371,1,0,
55,Gary Harris,23,DEN,SG,67,65,2304,0.485,14.8,0.566,0.25,0.119,0.097,0.1,0.434,0.553,0.718,0.417,0.466,0.385,0.396,0.577,0.891,0.052,46,0.208,0.415,1,0,
56,Draymond Green,27,GSW,PF,70,70,2287,0.454,13.4,0.586,0.355,0.111,0.076,0.044,0.414,0.562,0.695,0.391,0.362,0.259,0.301,0.716,0.909,0.073,39,0.066,0.118,3,0,"DPOY-6,AS,DEF2"
57,Yogi Ferrell,24,DAL,SG,82,21,2282,0.426,17.4,0.508,0.151,0.084,0.097,0.178,0.492,0.477,0.582,0.295,0.493,0.462,0.373,0.401,0.746,0,0,0.162,0.5,1,0,
58,P.J. Tucker,32,HOU,PF,82,34,2281,0.39,18.4,0.297,0.15,0.077,0.011,0.059,0.703,0.435,0.561,0.324,0.2,0.308,0.371,0.579,0.983,0.005,2,0.655,0.399,0,0,
59,Al Horford,31,BOS,C,72,72,2277,0.489,12.8,0.7,0.198,0.255,0.143,0.104,0.3,0.514,0.738,0.438,0.38,0.462,0.429,0.572,0.948,0.062,45,0.159,0.528,0,0,"DPOY-5,AS,DEF2"
60,Trevor Ariza,32,HOU,SF,67,67,2269,0.412,18,0.29,0.22,0.052,0.008,0.011,0.71,0.519,0.636,0.176,0,0.143,0.368,0.592,0.953,0.029,19,0.392,0.431,2,0,
61,Justin Holiday,28,CHI,SG,72,72,2265,0.371,18.4,0.426,0.13,0.068,0.075,0.151,0.574,0.387,0.539,0.283,0.305,0.347,0.359,0.705,0.957,0.024,19,0.301,0.356,4,0,
62,Ricky Rubio,27,UTA,PG,77,77,2254,0.418,15.4,0.67,0.172,0.093,0.158,0.247,0.33,0.451,0.535,0.299,0.443,0.456,0.352,0.288,0.865,0,0,0.271,0.351,0,0,
63,J.R. Smith,32,CLE,SG,80,61,2244,0.403,19.7,0.36,0.089,0.072,0.071,0.128,0.64,0.453,0.566,0.395,0.429,0.421,0.375,0.32,0.916,0.017,9,0.315,0.5,0,0,
64,Kelly Oubre Jr.,22,WAS,SF,81,11,2231,0.403,14.9,0.533,0.242,0.148,0.063,0.08,0.467,0.456,0.644,0.333,0.26,0.27,0.341,0.531,0.921,0.067,46,0.271,0.29,1,0,
65,Cory Joseph,26,IND,PG,82,17,2210,0.424,15.4,0.685,0.171,0.106,0.152,0.255,0.315,0.457,0.602,0.422,0.435,0.39,0.353,0.27,0.91,0,0,0.242,0.37,2,0,
66,Allen Crabbe,25,BRK,SG,75,68,2197,0.407,20,0.357,0.083,0.096,0.065,0.112,0.643,0.461,0.739,0.456,0.37,0.312,0.378,0.743,0.94,0.007,5,0.137,0.384,4,0,
67,Julius Randle,23,LAL,C,82,49,2190,0.558,4.9,0.95,0.545,0.315,0.041,0.048,0.05,0.575,0.728,0.389,0.351,0.256,0.222,0.534,1,0.116,99,0.111,0.4,2,0,
68,DeMarre Carroll,31,BRK,PF,73,73,2180,0.414,15.1,0.502,0.21,0.175,0.066,0.051,0.498,0.457,0.606,0.365,0.346,0.3,0.371,0.461,0.931,0.015,10,0.251,0.408,0,0,
69,Bogdan Bogdanović,25,SAC,SG,78,52,2175,0.446,16.7,0.574,0.144,0.128,0.127,0.175,0.426,0.485,0.613,0.394,0.5,0.437,0.392,0.358,0.76,0.004,3,0.122,0.475,7,0,
70,Jimmy Butler,28,MIN,SG,59,59,2164,0.474,12.1,0.783,0.251,0.168,0.208,0.155,0.217,0.509,0.662,0.49,0.432,0.385,0.35,0.332,0.757,0.047,41,0.205,0.439,2,0,"MVP-10,DPOY-12,AS,NBA3,DEF2"
71,Eric Gordon,29,HOU,SG,69,30,2154,0.428,17.7,0.373,0.234,0.089,0.027,0.022,0.627,0.544,0.661,0.384,0.269,0.333,0.359,0.386,0.849,0.012,11,0.122,0.459,5,1,6MOY-2
72,Derrick Favors,26,UTA,C,77,77,2153,0.563,7.4,0.91,0.48,0.179,0.12,0.131,0.09,0.596,0.769,0.413,0.405,0.391,0.222,0.785,1,0.226,150,0.873,0.236,1,0,
73,Jaylen Brown,21,BOS,SG,70,70,2152,0.465,12.4,0.619,0.356,0.136,0.055,0.071,0.381,0.507,0.622,0.321,0.409,0.368,0.395,0.536,0.967,0.077,54,0.376,0.426,2,0,DPOY-10
74,T.J. Warren,24,PHO,SF,65,65,2142,0.498,8.8,0.915,0.378,0.182,0.188,0.167,0.085,0.523,0.682,0.415,0.425,0.393,0.222,0.617,1,0.041,44,0.411,0.216,0,0,
75,Wesley Matthews,31,DAL,SF,63,63,2131,0.406,18.4,0.423,0.096,0.118,0.106,0.103,0.577,0.441,0.507,0.439,0.459,0.361,0.381,0.392,0.882,0,0,0.209,0.464,1,0,
76,JJ Redick,33,PHI,SG,70,70,2116,0.46,20.1,0.477,0.075,0.043,0.063,0.297,0.523,0.504,0.606,0.421,0.491,0.49,0.42,0.768,0.902,0,0,0.133,0.492,1,0,
77,Patty Mills,29,SAS,PG,82,36,2107,0.411,19.9,0.393,0.111,0.043,0.023,0.216,0.607,0.47,0.579,0.379,0.438,0.435,0.372,0.476,0.76,0,0,0.147,0.459,2,0,
78,Denzel Valentine,24,CHI,SG,77,37,2095,0.417,17.6,0.487,0.117,0.121,0.125,0.125,0.513,0.45,0.607,0.414,0.411,0.378,0.386,0.487,0.79,0.004,2,0.219,0.37,2,0,
79,Serge Ibaka,28,TOR,PF,76,76,2093,0.483,15.1,0.621,0.162,0.154,0.154,0.151,0.379,0.559,0.724,0.479,0.521,0.5,0.36,0.699,0.953,0.06,45,0.152,0.444,0,0,
80,Jae Crowder,27,2TM,SF,80,47,2090,0.404,16.1,0.492,0.255,0.069,0.043,0.125,0.508,0.488,0.661,0.283,0.345,0.298,0.323,0.807,0.927,0.007,3,0.261,0.382,0,0,
80,Jae Crowder,27,CLE,SF,53,47,1346,0.418,15.9,0.497,0.279,0.064,0.024,0.13,0.503,0.508,0.676,0.25,0.222,0.327,0.328,0.832,0.952,0.003,0,0.254,0.396,0,0,
80,Jae Crowder,27,UTA,SF,27,0,744,0.386,16.4,0.485,0.224,0.075,0.068,0.119,0.515,0.462,0.636,0.318,0.4,0.257,0.316,0.773,0.896,0.014,3,0.27,0.366,0,0,
81,Jusuf Nurkić,23,POR,C,79,79,2088,0.505,5.9,0.993,0.466,0.304,0.091,0.131,0.007,0.508,0.643,0.391,0.402,0.376,0,0.694,,0.068,61,0,,1,0,DPOY-15
82,Dennis Schröder,24,ATL,PG,67,67,2078,0.436,12.4,0.771,0.29,0.126,0.161,0.194,0.229,0.48,0.578,0.333,0.432,0.468,0.29,0.193,0.566,0.002,0,0.053,0.214,6,0,
83,Marcin Gortat,33,WAS,C,82,82,2075,0.518,5.5,1,0.411,0.352,0.216,0.021,0,0.518,0.652,0.437,0.421,0.25,,0.755,,0.066,28,,,0,0,
84,Al-Farouq Aminu,27,POR,PF,69,67,2072,0.395,16.5,0.418,0.215,0.12,0.026,0.057,0.582,0.432,0.608,0.314,0.133,0.152,0.369,0.486,0.96,0.041,23,0.28,0.474,0,0,
85,Dragan Bender,20,PHO,PF,82,37,2069,0.386,17.8,0.335,0.18,0.099,0.025,0.031,0.665,0.426,0.575,0.313,0.167,0.133,0.366,0.507,0.992,0.021,9,0.255,0.378,0,0,
86,Terry Rozier,23,BOS,PG,80,16,2068,0.395,16.8,0.498,0.18,0.121,0.085,0.111,0.503,0.41,0.535,0.309,0.368,0.348,0.381,0.264,0.706,0.014,10,0.157,0.365,3,0,6MOY-10
87,Austin Rivers,25,LAC,SG,61,59,2057,0.424,13.7,0.553,0.288,0.176,0.065,0.024,0.447,0.461,0.569,0.345,0.346,0.316,0.378,0.215,0.515,0.004,3,0.153,0.345,0,0,
88,Tony Snell,26,MIL,SG,75,59,2053,0.435,18,0.369,0.167,0.082,0.052,0.068,0.631,0.49,0.648,0.257,0.409,0.448,0.403,0.623,1,0.035,12,0.366,0.439,0,0,
89,Tyler Johnson,25,MIA,PG,72,39,2052,0.435,16,0.544,0.198,0.118,0.082,0.146,0.456,0.491,0.638,0.429,0.379,0.404,0.367,0.532,0.95,0.031,21,0.287,0.366,1,0,
90,Dennis Smith Jr.,20,DAL,PG,69,69,2049,0.395,13.3,0.669,0.317,0.11,0.092,0.148,0.331,0.435,0.606,0.257,0.223,0.336,0.313,0.191,0.585,0.049,40,0.068,0.304,2,0,ROY-5
91,Willie Cauley-Stein,24,SAC,C,73,57,2044,0.502,6.2,0.984,0.459,0.301,0.076,0.146,0.016,0.506,0.676,0.339,0.288,0.434,0.25,0.678,1,0.191,134,0.25,0.333,3,0,
92,Ish Smith,29,DET,PG,82,35,2043,0.486,10.9,0.874,0.257,0.222,0.191,0.203,0.126,0.506,0.67,0.382,0.516,0.423,0.347,0.203,0.629,0.002,2,0.277,0.286,3,1,
93,Wayne Ellington,30,MIA,SG,77,2,2041,0.407,22,0.173,0.077,0.026,0.017,0.053,0.827,0.479,0.648,0.278,0.333,0.378,0.392,0.655,0.947,0.006,3,0.204,0.5,1,0,6MOY-5
94,Evan Turner,29,POR,SF,79,40,2034,0.447,13.3,0.771,0.128,0.184,0.315,0.144,0.229,0.485,0.676,0.443,0.451,0.446,0.318,0.236,0.976,0.014,8,0.417,0.327,0,0,
95,Clint Capela,23,HOU,C,74,74,2034,0.652,1.7,0.999,0.802,0.18,0.016,0,0.001,0.653,0.718,0.385,0.455,,0,0.819,,0.351,213,0,,0,0,DPOY-14
96,Jonathon Simmons,28,ORL,SG,69,50,2029,0.465,11.8,0.732,0.269,0.229,0.114,0.118,0.268,0.512,0.688,0.414,0.333,0.467,0.338,0.351,0.855,0.038,27,0.27,0.345,2,0,
97,De'Aaron Fox,20,SAC,PG,73,61,2026,0.412,12,0.808,0.238,0.223,0.146,0.201,0.192,0.436,0.647,0.354,0.336,0.35,0.307,0.217,0.617,0.034,22,0.203,0.29,2,0,
98,Buddy Hield,25,SAC,SG,80,13,2024,0.446,16.4,0.563,0.16,0.106,0.105,0.192,0.437,0.457,0.631,0.364,0.327,0.436,0.431,0.442,0.773,0.015,13,0.164,0.537,2,0,
99,Lauri Markkanen,20,CHI,PF,68,68,2020,0.434,15.1,0.535,0.244,0.118,0.08,0.093,0.465,0.497,0.676,0.343,0.348,0.35,0.362,0.642,0.966,0.079,63,0.115,0.326,1,0,
100,Darren Collison,30,IND,PG,69,64,2018,0.495,15.3,0.679,0.24,0.063,0.067,0.309,0.321,0.508,0.647,0.25,0.488,0.457,0.468,0.295,0.802,0.002,1,0.317,0.462,2,0,
101,Marvin Williams,31,CHO,PF,78,78,2006,0.458,15.9,0.458,0.231,0.135,0.055,0.036,0.542,0.512,0.585,0.474,0.419,0.35,0.413,0.652,0.992,0.014,7,0.259,0.405,0,0,
102,Nicolas Batum,29,CHO,SG,64,64,1981,0.415,17.5,0.578,0.109,0.063,0.197,0.209,0.422,0.473,0.704,0.439,0.445,0.39,0.336,0.388,0.848,0.015,10,0.109,0.267,1,0,
103,Kyle Anderson,24,SAS,SF,74,67,1978,0.527,8.4,0.87,0.388,0.249,0.128,0.105,0.13,0.556,0.688,0.459,0.482,0.391,0.333,0.514,0.947,0.039,15,0.649,0.405,1,0,
104,Joe Harris,26,BRK,SG,78,14,1975,0.491,15.9,0.424,0.258,0.113,0.027,0.026,0.576,0.589,0.706,0.429,0.529,0.188,0.419,0.639,0.947,0.01,4,0.218,0.333,1,0,
105,Brandon Ingram,20,LAL,SF,59,59,1975,0.47,10.1,0.862,0.375,0.152,0.135,0.2,0.138,0.483,0.67,0.207,0.35,0.434,0.39,0.363,0.951,0.074,53,0.276,0.448,1,0,
106,John Henson,27,MIL,C,76,69,1970,0.572,4.5,0.986,0.558,0.317,0.026,0.084,0.014,0.578,0.707,0.428,0.462,0.333,0.143,0.815,1,0.227,102,0.143,0,2,0,
107,Blake Griffin,28,2TM,PF,58,58,1970,0.438,12.6,0.677,0.284,0.224,0.06,0.109,0.323,0.482,0.682,0.377,0.25,0.303,0.345,0.378,0.694,0.055,46,0.112,0.417,2,0,
107,Blake Griffin,28,LAC,PF,33,33,1139,0.441,11.8,0.676,0.337,0.206,0.059,0.076,0.324,0.488,0.656,0.378,0.265,0.205,0.342,0.366,0.734,0.067,33,0.107,0.25,1,0,
107,Blake Griffin,28,DET,PF,25,25,831,0.433,13.4,0.677,0.211,0.249,0.062,0.156,0.323,0.473,0.739,0.375,0.231,0.369,0.348,0.396,0.638,0.038,13,0.119,0.625,1,0,
108,Markieff Morris,28,WAS,PF,73,73,1968,0.48,13.8,0.699,0.194,0.157,0.233,0.115,0.301,0.529,0.699,0.491,0.506,0.342,0.367,0.669,1,0.045,23,0.271,0.321,5,0,
109,Jeremy Lamb,25,CHO,SG,80,18,1967,0.457,13.9,0.695,0.204,0.177,0.154,0.16,0.305,0.495,0.647,0.442,0.477,0.376,0.37,0.399,0.681,0.025,19,0.181,0.435,4,0,
110,Josh Jackson,20,PHO,SF,77,35,1959,0.417,10.7,0.767,0.349,0.193,0.111,0.115,0.233,0.464,0.578,0.406,0.32,0.355,0.263,0.361,0.912,0.082,65,0.235,0.294,3,0,
111,Marco Belinelli,31,2TM,SG,80,2,1947,0.441,18.9,0.483,0.126,0.05,0.064,0.242,0.517,0.509,0.667,0.342,0.51,0.465,0.377,0.803,0.879,0.008,4,0.144,0.404,2,0,6MOY-12
111,Marco Belinelli,31,ATL,SG,52,1,1210,0.41,18.9,0.491,0.122,0.045,0.074,0.247,0.509,0.45,0.576,0.273,0.472,0.417,0.372,0.738,0.837,0.01,3,0.15,0.432,2,0,
111,Marco Belinelli,31,PHI,SG,28,1,737,0.495,19,0.47,0.133,0.057,0.047,0.233,0.53,0.618,0.811,0.438,0.615,0.554,0.385,0.889,0.947,0.004,1,0.135,0.35,0,0,
112,Darius Miller,27,NOP,SF,82,3,1944,0.444,21.9,0.265,0.021,0.039,0.072,0.133,0.735,0.535,0.6,0.421,0.571,0.538,0.411,0.594,0.959,0.002,1,0.196,0.557,1,0,
113,James Johnson,30,MIA,PF,73,41,1943,0.503,10.9,0.699,0.383,0.181,0.064,0.072,0.301,0.587,0.698,0.486,0.436,0.386,0.308,0.413,0.912,0.094,49,0.378,0.314,1,0,
114,Kyrie Irving,25,BOS,PG,60,60,1931,0.491,14.5,0.626,0.223,0.158,0.132,0.112,0.374,0.541,0.649,0.436,0.479,0.549,0.408,0.264,0.53,0.002,2,0.123,0.42,1,0,AS
115,Rondae Hollis-Jefferson,23,BRK,SF,68,59,1920,0.472,7.6,0.925,0.377,0.273,0.206,0.069,0.075,0.491,0.597,0.369,0.477,0.44,0.241,0.556,1,0.041,29,0.5,0.333,1,0,
116,Joel Embiid,23,PHI,C,63,63,1912,0.483,11.1,0.797,0.293,0.176,0.22,0.106,0.203,0.527,0.728,0.387,0.431,0.42,0.308,0.439,0.924,0.087,82,0.051,0.364,0,0,"MVP-12,DPOY-2,AS,NBA2,DEF2"
117,Aaron Gordon,22,ORL,PF,58,57,1909,0.434,14.1,0.605,0.275,0.109,0.106,0.114,0.395,0.497,0.718,0.287,0.38,0.273,0.336,0.488,0.835,0.111,92,0.199,0.368,0,0,
118,Dirk Nowitzki,39,DAL,C,77,77,1900,0.456,19.2,0.555,0.044,0.028,0.201,0.284,0.445,0.494,0.758,0.476,0.474,0.47,0.409,0.774,1,0.003,1,0.045,0.467,1,0,
119,Stanley Johnson,21,DET,SF,69,50,1894,0.375,14.8,0.582,0.22,0.157,0.084,0.121,0.418,0.439,0.659,0.227,0.34,0.382,0.286,0.371,0.97,0.023,10,0.303,0.282,3,0,
120,Jordan Clarkson,25,2TM,SG,81,2,1888,0.451,14,0.667,0.246,0.142,0.133,0.146,0.333,0.5,0.647,0.4,0.441,0.403,0.352,0.277,0.795,0.017,15,0.164,0.423,0,0,6MOY-7
120,Jordan Clarkson,25,LAL,SG,53,2,1256,0.448,13.2,0.685,0.264,0.147,0.121,0.153,0.315,0.505,0.67,0.429,0.346,0.422,0.324,0.273,0.794,0.015,9,0.114,0.292,0,0,
120,Jordan Clarkson,25,CLE,SG,28,0,632,0.456,14.7,0.624,0.206,0.129,0.16,0.129,0.376,0.486,0.576,0.324,0.609,0.351,0.407,0.287,0.795,0.021,6,0.259,0.536,0,0,
121,Tim Hardaway Jr.,25,NYK,SG,57,54,1885,0.421,16.4,0.521,0.222,0.089,0.091,0.119,0.479,0.516,0.642,0.276,0.513,0.461,0.317,0.504,0.792,0.028,21,0.124,0.373,2,0,
122,Devin Booker,21,PHO,SG,54,54,1865,0.432,15.1,0.636,0.18,0.143,0.176,0.137,0.364,0.46,0.611,0.351,0.4,0.451,0.383,0.338,0.612,0.013,13,0.112,0.419,4,0,
123,Caris LeVert,23,BRK,SF,71,10,1864,0.435,12.1,0.667,0.31,0.19,0.103,0.063,0.333,0.48,0.654,0.321,0.342,0.326,0.347,0.302,0.729,0.044,32,0.131,0.281,0,0,
124,Lance Stephenson,27,IND,SG,82,7,1850,0.427,14.7,0.673,0.292,0.086,0.072,0.223,0.327,0.495,0.623,0.311,0.49,0.399,0.289,0.237,0.716,0.025,14,0.194,0.356,9,0,
125,Michael Kidd-Gilchrist,24,CHO,SF,74,74,1850,0.504,8.3,0.996,0.404,0.188,0.146,0.259,0.004,0.505,0.69,0.343,0.463,0.359,0,0.674,,0.052,25,0.5,0,1,0,
126,Chris Paul,32,HOU,PG,58,58,1847,0.46,17.6,0.525,0.093,0.104,0.218,0.11,0.475,0.532,0.662,0.446,0.506,0.557,0.38,0.081,0.243,0,0,0.142,0.5,4,0,
127,Evan Fournier,25,ORL,SF,57,57,1837,0.459,15,0.582,0.209,0.165,0.094,0.115,0.418,0.516,0.667,0.439,0.32,0.511,0.379,0.573,0.843,0.01,8,0.17,0.509,1,0,
128,Myles Turner,21,IND,C,65,62,1836,0.479,14.1,0.754,0.26,0.105,0.085,0.305,0.246,0.519,0.614,0.478,0.407,0.482,0.357,0.736,0.982,0.085,46,0.089,0.286,1,0,
129,Frank Kaminsky,24,CHO,PF,79,4,1835,0.429,14.2,0.617,0.17,0.251,0.13,0.066,0.383,0.459,0.672,0.378,0.43,0.277,0.38,0.517,0.99,0.022,15,0.077,0.286,0,0,
130,Enes Freedom,25,NYK,C,71,71,1830,0.592,3.8,0.997,0.61,0.262,0.076,0.048,0.003,0.594,0.683,0.46,0.463,0.412,0,0.491,,0.05,31,0,,0,0,
131,Jeff Green,31,CLE,PF,78,14,1828,0.477,11.2,0.725,0.398,0.146,0.087,0.095,0.275,0.54,0.699,0.367,0.259,0.39,0.312,0.583,0.962,0.115,63,0.4,0.338,8,0,
132,Rudy Gobert,25,UTA,C,56,56,1816,0.622,2.4,1,0.757,0.194,0.023,0.025,0,0.622,0.726,0.314,0.1,0.364,,0.772,,0.369,151,,,0,0,"DPOY-1,DEF1"
133,Pau Gasol,37,SAS,C,77,63,1812,0.458,10.8,0.809,0.311,0.201,0.126,0.169,0.191,0.481,0.672,0.349,0.38,0.368,0.358,0.676,1,0.038,22,0.325,0.333,0,0,
134,George Hill,31,2TM,PG,67,60,1812,0.46,15.1,0.6,0.189,0.136,0.119,0.156,0.4,0.49,0.701,0.371,0.426,0.388,0.415,0.318,0.753,0.01,5,0.322,0.47,1,0,
134,George Hill,31,SAC,PG,43,36,1143,0.469,15.5,0.607,0.172,0.15,0.132,0.153,0.393,0.48,0.679,0.429,0.349,0.42,0.453,0.295,0.741,0.006,2,0.211,0.481,1,0,
134,George Hill,31,CLE,PG,24,24,669,0.444,14.8,0.588,0.219,0.112,0.096,0.16,0.412,0.509,0.732,0.238,0.611,0.333,0.351,0.357,0.778,0.016,3,0.506,0.462,0,0,
135,Domantas Sabonis,21,IND,C,74,19,1810,0.514,7.2,0.944,0.47,0.224,0.088,0.162,0.056,0.524,0.669,0.385,0.431,0.346,0.351,0.737,1,0.086,49,0.135,0.6,0,0,
136,Elfrid Payton,23,2TM,PG,63,63,1808,0.493,8.1,0.862,0.405,0.264,0.105,0.088,0.138,0.52,0.674,0.398,0.371,0.356,0.326,0.207,0.833,0.016,9,0.261,0.375,0,0,
136,Elfrid Payton,23,ORL,PG,44,44,1257,0.52,8.2,0.854,0.41,0.26,0.107,0.076,0.146,0.545,0.702,0.403,0.408,0.371,0.373,0.23,0.88,0.013,5,0.313,0.429,0,0,
136,Elfrid Payton,23,PHO,PG,19,19,551,0.435,8,0.88,0.392,0.273,0.1,0.115,0.12,0.467,0.61,0.386,0.286,0.333,0.2,0.151,0.6,0.024,4,0.12,0,0,0,
137,Danny Green,30,SAS,SG,70,60,1791,0.387,17.2,0.43,0.173,0.102,0.059,0.096,0.57,0.419,0.546,0.333,0.242,0.389,0.363,0.624,0.991,0.018,8,0.288,0.446,0,0,
138,Kent Bazemore,28,ATL,SG,65,65,1789,0.42,14.7,0.595,0.226,0.139,0.08,0.149,0.405,0.438,0.608,0.266,0.333,0.396,0.394,0.472,0.833,0.031,19,0.285,0.436,1,0,
139,John Collins,20,ATL,PF,74,26,1785,0.576,5.7,0.914,0.589,0.167,0.11,0.05,0.086,0.598,0.732,0.341,0.417,0.259,0.34,0.742,1,0.273,123,0.723,0.353,2,0,
140,Lonzo Ball,20,LAL,PG,52,50,1780,0.36,16.1,0.477,0.273,0.092,0.053,0.059,0.523,0.42,0.494,0.269,0.4,0.333,0.305,0.327,0.744,0.03,15,0.115,0.235,3,0,
141,Kelly Olynyk,26,MIA,PF,76,22,1779,0.497,14.4,0.56,0.274,0.137,0.066,0.082,0.44,0.59,0.782,0.46,0.381,0.346,0.379,0.533,0.906,0.033,20,0.139,0.41,1,0,6MOY-6
142,Doug McDermott,26,2TM,SF,81,4,1768,0.467,14.3,0.575,0.311,0.085,0.065,0.114,0.425,0.497,0.652,0.372,0.303,0.276,0.426,0.841,1,0.037,17,0.301,0.508,0,0,
142,Doug McDermott,26,NYK,SF,55,1,1172,0.46,13.7,0.582,0.348,0.07,0.055,0.11,0.418,0.513,0.658,0.261,0.389,0.278,0.387,0.806,1,0.04,11,0.307,0.429,0,0,
142,Doug McDermott,26,DAL,SF,26,3,596,0.478,14.8,0.561,0.244,0.111,0.083,0.122,0.439,0.465,0.636,0.5,0.2,0.273,0.494,0.915,1,0.033,6,0.291,0.652,0,0,
143,D.J. Augustin,30,ORL,PG,75,36,1760,0.452,15.6,0.496,0.241,0.146,0.054,0.054,0.504,0.485,0.569,0.367,0.414,0.517,0.419,0.231,0.675,0,0,0.154,0.357,2,0,
144,Anthony Tolliver,32,DET,PF,79,14,1757,0.464,20.1,0.227,0.138,0.059,0.017,0.013,0.773,0.561,0.708,0.286,0.375,0.5,0.436,0.733,1,0.034,14,0.247,0.411,0,0,
145,Dejounte Murray,21,SAS,PG,81,48,1743,0.443,7.4,0.944,0.412,0.223,0.21,0.099,0.056,0.454,0.586,0.36,0.344,0.367,0.265,0.33,1,0.028,15,0.618,0.286,0,0,DEF2
146,DeMarcus Cousins,27,NOP,C,48,48,1737,0.47,11.8,0.66,0.375,0.175,0.041,0.069,0.34,0.53,0.633,0.411,0.486,0.3,0.354,0.411,0.942,0.056,44,0.02,0.167,3,0,AS
147,Brook Lopez,29,LAL,C,74,72,1735,0.465,14.2,0.59,0.178,0.251,0.13,0.032,0.41,0.549,0.745,0.503,0.427,0.32,0.345,0.545,0.982,0.059,44,0.123,0.425,0,0,
148,Reggie Bullock,26,DET,SF,62,52,1732,0.489,16.2,0.485,0.198,0.11,0.101,0.077,0.515,0.536,0.741,0.283,0.436,0.5,0.445,0.817,0.968,0.002,1,0.267,0.453,1,0,
149,Ersan İlyasova,30,2TM,PF,69,43,1729,0.452,13.8,0.587,0.299,0.104,0.085,0.1,0.413,0.517,0.623,0.375,0.385,0.459,0.36,0.753,0.967,0.013,7,0.269,0.485,0,0,
149,Ersan İlyasova,30,ATL,PF,46,40,1175,0.459,14.1,0.576,0.299,0.085,0.08,0.112,0.424,0.532,0.617,0.441,0.469,0.422,0.359,0.797,0.967,0.015,6,0.365,0.484,0,0,
149,Ersan İlyasova,30,PHI,PF,23,3,554,0.439,13.6,0.608,0.297,0.142,0.094,0.075,0.392,0.488,0.635,0.3,0.25,0.563,0.361,0.667,0.967,0.009,1,0.072,0.5,0,0,
150,Jonas Valančiūnas,25,TOR,C,77,77,1727,0.568,6.4,0.892,0.443,0.333,0.093,0.025,0.108,0.587,0.704,0.472,0.406,0.706,0.405,0.636,0.9,0.108,71,0.081,0.667,0,0,
151,Ryan Anderson,29,HOU,PF,66,50,1725,0.431,20.4,0.294,0.142,0.044,0.04,0.069,0.706,0.539,0.647,0.143,0.579,0.545,0.386,0.342,0.992,0.019,9,0.109,0.405,0,0,
152,Frank Ntilikina,19,NYK,PG,78,9,1706,0.364,16.1,0.686,0.174,0.088,0.156,0.268,0.314,0.385,0.621,0.182,0.346,0.321,0.318,0.333,0.8,0.014,6,0.153,0.375,4,0,
153,T.J. McConnell,25,PHI,PG,76,1,1706,0.499,10.8,0.853,0.233,0.247,0.278,0.095,0.147,0.51,0.663,0.481,0.444,0.4,0.435,0.311,1,0,0,0.371,0.609,4,0,
154,Rajon Rondo,31,NOP,PG,65,63,1705,0.468,11,0.696,0.403,0.148,0.047,0.099,0.304,0.526,0.603,0.479,0.435,0.327,0.333,0.215,0.7,0.006,3,0.42,0.286,0,0,
155,Robin Lopez,29,CHI,C,64,64,1690,0.53,7.6,0.978,0.315,0.392,0.085,0.186,0.022,0.536,0.729,0.498,0.364,0.367,0.286,0.731,0.75,0.056,34,0,,0,0,
156,Jerian Grant,25,CHI,PG,74,26,1686,0.416,15.7,0.628,0.199,0.111,0.131,0.187,0.372,0.468,0.64,0.268,0.424,0.436,0.326,0.155,0.656,0.01,5,0.08,0.467,4,0,
157,Nikola Vučević,27,ORL,C,57,57,1683,0.475,12.7,0.757,0.213,0.223,0.154,0.168,0.243,0.527,0.743,0.481,0.349,0.475,0.314,0.672,1,0.04,29,0.01,0.5,0,0,
158,Justise Winslow,21,MIA,PF,68,25,1680,0.424,10.3,0.736,0.367,0.238,0.072,0.055,0.264,0.44,0.564,0.379,0.2,0.222,0.38,0.468,1,0.037,15,0.543,0.4,5,0,
159,Pascal Siakam,23,TOR,PF,81,5,1679,0.508,8.8,0.735,0.456,0.227,0.046,0.006,0.265,0.612,0.718,0.442,0.435,0.333,0.22,0.688,1,0.092,43,0.53,0.257,2,0,
160,Dwight Powell,26,DAL,C,79,24,1672,0.593,7.9,0.805,0.549,0.156,0.03,0.07,0.195,0.656,0.775,0.418,0.308,0.4,0.333,0.828,1,0.251,96,0.155,0.615,2,0,
161,Jarell Martin,23,MEM,PF,73,36,1661,0.446,10.8,0.802,0.413,0.091,0.091,0.208,0.198,0.47,0.571,0.244,0.422,0.388,0.347,0.636,1,0.095,38,0.418,0.341,2,0,
162,Tyler Ulis,22,PHO,PG,71,43,1658,0.388,15,0.735,0.116,0.136,0.281,0.201,0.265,0.425,0.438,0.413,0.445,0.396,0.288,0.198,0.5,0,0,0.13,0.263,3,0,
163,Mario Hezonja,22,ORL,SF,75,30,1657,0.442,15,0.567,0.246,0.143,0.063,0.113,0.433,0.523,0.691,0.375,0.359,0.443,0.337,0.568,0.878,0.057,34,0.131,0.314,0,0,
164,Jamal Crawford,37,MIN,SG,80,0,1653,0.415,18.8,0.577,0.058,0.075,0.121,0.323,0.423,0.477,0.674,0.321,0.5,0.467,0.331,0.23,0.731,0,0,0.204,0.406,3,0,
165,Michael Beasley,29,NYK,PF,74,30,1653,0.507,9,0.893,0.328,0.268,0.171,0.124,0.107,0.52,0.675,0.463,0.428,0.37,0.395,0.467,0.912,0.052,37,0.267,0.304,1,0,
166,Kevin Love,29,CLE,C,59,59,1651,0.458,14.9,0.547,0.243,0.122,0.095,0.089,0.453,0.494,0.661,0.315,0.391,0.385,0.415,0.645,0.978,0.008,5,0.297,0.378,0,0,AS
167,Jerami Grant,23,OKC,PF,81,1,1647,0.535,7.8,0.759,0.586,0.121,0.022,0.031,0.241,0.613,0.685,0.327,0.5,0.429,0.291,0.731,0.938,0.184,70,0.5,0.273,2,0,
168,David Nwaba,25,CHI,SG,70,21,1646,0.478,5.6,0.877,0.527,0.307,0.043,0,0.123,0.496,0.619,0.315,0.278,,0.346,0.522,0.944,0.09,35,0.481,0.28,0,0,
169,Bobby Portis,22,CHI,PF,73,4,1643,0.471,11.9,0.725,0.296,0.191,0.105,0.132,0.275,0.514,0.588,0.458,0.541,0.411,0.359,0.54,1,0.031,20,0.112,0.36,1,0,
170,Tomáš Satoranský,26,WAS,SG,73,30,1643,0.523,11.9,0.737,0.266,0.224,0.122,0.125,0.263,0.544,0.696,0.512,0.404,0.417,0.465,0.526,1,0.042,13,0.406,0.488,2,0,6MOY-12
171,Stephen Curry,29,GSW,PG,51,51,1631,0.495,18.4,0.42,0.175,0.065,0.073,0.108,0.58,0.595,0.669,0.429,0.54,0.613,0.423,0.417,0.618,0.001,1,0.134,0.358,8,0,"MVP-10,AS,NBA3"
172,Troy Daniels,26,PHO,SG,79,15,1622,0.403,22.2,0.203,0.049,0.03,0.054,0.071,0.797,0.419,0.429,0.529,0.516,0.293,0.4,0.694,0.923,0,0,0.231,0.5,2,0,
173,Andre Iguodala,34,GSW,SF,64,7,1622,0.463,13.7,0.634,0.313,0.113,0.081,0.128,0.366,0.567,0.76,0.389,0.385,0.366,0.282,0.591,0.848,0.166,52,0.179,0.143,3,0,
174,Rodney Hood,25,2TM,SG,60,23,1616,0.429,16.2,0.557,0.101,0.149,0.152,0.154,0.443,0.467,0.658,0.42,0.43,0.422,0.381,0.369,0.732,0.025,19,0.162,0.389,1,0,6MOY-12
174,Rodney Hood,25,UTA,SG,39,12,1084,0.424,17.6,0.525,0.087,0.13,0.139,0.168,0.475,0.455,0.625,0.431,0.416,0.419,0.389,0.318,0.706,0.02,11,0.141,0.351,0,0,
174,Rodney Hood,25,CLE,SG,21,11,532,0.442,14.8,0.643,0.141,0.201,0.186,0.116,0.357,0.492,0.714,0.4,0.459,0.435,0.352,0.476,0.84,0.04,8,0.239,0.471,1,0,
175,Garrett Temple,31,SAC,SG,65,35,1615,0.418,17.4,0.523,0.155,0.061,0.097,0.21,0.477,0.442,0.635,0.207,0.391,0.39,0.392,0.427,0.888,0.015,7,0.335,0.329,0,0,
176,Marcus Smart,23,BOS,SG,54,11,1614,0.367,16.3,0.517,0.177,0.161,0.095,0.083,0.483,0.429,0.593,0.301,0.388,0.372,0.301,0.333,0.76,0.012,5,0.145,0.278,3,0,
177,Tyreke Evans,28,MEM,PG,52,32,1607,0.452,12.1,0.646,0.412,0.121,0.01,0.104,0.354,0.482,0.544,0.357,0.25,0.405,0.399,0.226,0.482,0.004,3,0.052,0.267,1,0,
178,James Ennis III,27,2TM,SF,72,22,1604,0.474,12.8,0.602,0.349,0.12,0.07,0.063,0.398,0.567,0.716,0.261,0.519,0.375,0.333,0.695,1,0.078,26,0.333,0.333,0,0,
178,James Ennis III,27,MEM,SF,45,14,1053,0.486,12.5,0.622,0.365,0.099,0.086,0.072,0.378,0.565,0.716,0.273,0.421,0.375,0.357,0.641,1,0.095,18,0.345,0.379,0,0,
178,James Ennis III,27,DET,SF,27,8,551,0.457,13.1,0.574,0.327,0.148,0.049,0.049,0.426,0.57,0.717,0.25,0.75,0.375,0.304,0.774,1,0.056,8,0.319,0.273,0,0,
179,J.J. Barea,33,DAL,PG,69,11,1603,0.439,15.6,0.546,0.168,0.184,0.117,0.077,0.454,0.499,0.664,0.449,0.42,0.377,0.367,0.154,0.626,0,0,0.067,0.238,3,0,6MOY-12
180,Kyle Korver,36,CLE,SG,73,4,1574,0.459,22.1,0.223,0.062,0.017,0.037,0.107,0.777,0.537,0.733,0.5,0.5,0.442,0.436,0.948,0.976,0,0,0.223,0.512,1,0,
181,Luc Mbah a Moute,31,HOU,PF,61,15,1564,0.481,13.2,0.499,0.403,0.075,0,0.02,0.501,0.599,0.676,0.346,,0,0.364,0.777,0.984,0.072,25,0.41,0.282,0,0,6MOY-12
182,Dante Cunningham,30,2TM,SF,73,25,1562,0.451,13,0.538,0.332,0.115,0.041,0.049,0.462,0.541,0.645,0.333,0.267,0.556,0.345,0.849,0.983,0.052,15,0.661,0.369,0,0,
182,Dante Cunningham,30,NOP,SF,51,24,1115,0.44,13.3,0.52,0.347,0.08,0.049,0.044,0.48,0.547,0.615,0.389,0.182,0.7,0.324,0.875,0.971,0.049,8,0.676,0.356,0,0,
182,Dante Cunningham,30,BRK,SF,22,1,447,0.468,12.7,0.568,0.309,0.173,0.029,0.058,0.432,0.532,0.698,0.292,0.5,0.375,0.383,0.81,1,0.058,7,0.633,0.395,0,0,
183,Kristaps Porziņģis,22,NYK,PF,48,48,1553,0.439,14.4,0.744,0.156,0.156,0.264,0.165,0.256,0.454,0.604,0.381,0.43,0.422,0.395,0.647,0.989,0.067,53,0.053,0.583,5,0,AS
184,Jarrett Jack,34,NYK,PG,62,56,1548,0.427,14.2,0.806,0.124,0.212,0.174,0.296,0.194,0.459,0.655,0.457,0.416,0.405,0.291,0.195,0.6,0,0,0.128,0.273,2,0,
185,Dewayne Dedmon,28,ATL,C,62,46,1542,0.524,12.5,0.704,0.281,0.138,0.147,0.138,0.296,0.595,0.776,0.485,0.471,0.47,0.355,0.8,1,0.115,50,0.461,0.4,0,0,
186,JaMychal Green,27,MEM,PF,55,54,1542,0.457,10.5,0.74,0.447,0.086,0.064,0.143,0.26,0.499,0.624,0.214,0.226,0.4,0.339,0.583,0.977,0.111,48,0.417,0.358,0,0,
187,Dwyane Wade,36,2TM,SG,67,3,1536,0.438,11.2,0.837,0.309,0.151,0.196,0.183,0.163,0.468,0.659,0.398,0.306,0.368,0.288,0.401,0.531,0.031,20,0.216,0.25,0,0,6MOY-10
187,Dwyane Wade,36,CLE,SG,46,3,1069,0.455,10.9,0.839,0.329,0.131,0.228,0.156,0.161,0.479,0.678,0.404,0.313,0.353,0.329,0.4,0.522,0.03,12,0.243,0.176,0,0,
187,Dwyane Wade,36,MIA,SG,21,0,467,0.409,11.6,0.834,0.275,0.186,0.142,0.231,0.166,0.447,0.618,0.391,0.286,0.386,0.22,0.402,0.556,0.032,8,0.171,0.429,0,0,
188,Shabazz Napier,26,POR,PG,74,9,1535,0.42,16.2,0.589,0.192,0.085,0.087,0.226,0.411,0.45,0.559,0.222,0.348,0.483,0.376,0.241,0.72,0.002,1,0.156,0.412,0,0,
189,Marquese Chriss,20,PHO,PF,72,49,1527,0.423,12.4,0.602,0.371,0.113,0.061,0.057,0.398,0.509,0.621,0.278,0.379,0.37,0.295,0.692,1,0.157,58,0.268,0.255,0,0,
190,Kris Dunn,23,CHI,PG,52,43,1525,0.429,12,0.799,0.263,0.168,0.179,0.189,0.201,0.457,0.543,0.393,0.387,0.46,0.321,0.173,0.628,0.033,19,0.134,0.389,1,0,
191,Jakob Poeltl,22,TOR,C,82,0,1524,0.659,2.4,0.995,0.734,0.211,0.047,0.003,0.005,0.66,0.734,0.444,0.5,0,0.5,0.73,1,0.102,37,1,0.5,0,0,6MOY-12
192,Fred VanVleet,23,TOR,PG,76,0,1520,0.426,13.9,0.521,0.327,0.132,0.037,0.026,0.479,0.437,0.567,0.236,0.05,0.357,0.414,0.242,0.778,0,0,0.295,0.429,6,0,6MOY-3
193,Bryn Forbes,24,SAS,SG,80,12,1517,0.421,17.5,0.541,0.082,0.149,0.121,0.189,0.459,0.446,0.585,0.459,0.383,0.415,0.39,0.683,0.944,0.002,1,0.193,0.5,1,0,
194,Zach Randolph,36,SAC,PF,59,58,1508,0.473,11.4,0.807,0.229,0.286,0.122,0.17,0.193,0.503,0.623,0.514,0.366,0.423,0.347,0.403,0.961,0,0,0.143,0.476,1,0,
195,Justin Jackson,22,SAC,SF,68,41,1506,0.442,15.4,0.558,0.186,0.15,0.112,0.11,0.442,0.547,0.756,0.46,0.426,0.435,0.308,0.711,1,0.024,10,0.384,0.366,2,0,
196,Bismack Biyombo,25,ORL,C,82,25,1495,0.52,4.2,0.997,0.534,0.31,0.122,0.031,0.003,0.521,0.713,0.303,0.302,0.273,0,0.803,,0.247,81,0,,0,0,
197,Nikola Mirotić,26,2TM,PF,55,14,1494,0.447,16.8,0.477,0.196,0.095,0.088,0.095,0.523,0.525,0.672,0.523,0.317,0.431,0.377,0.643,0.889,0.02,14,0.19,0.412,0,0,6MOY-7
197,Nikola Mirotić,26,CHI,PF,25,3,622,0.474,17.1,0.467,0.185,0.096,0.083,0.099,0.533,0.525,0.696,0.448,0.36,0.433,0.429,0.595,0.87,0.017,5,0.174,0.536,0,0,
197,Nikola Mirotić,26,NOP,PF,30,11,872,0.427,16.5,0.484,0.204,0.094,0.092,0.092,0.516,0.524,0.654,0.583,0.286,0.429,0.335,0.68,0.909,0.024,9,0.203,0.325,0,0,
198,Pat Connaughton,25,POR,SG,82,5,1488,0.423,16.1,0.462,0.231,0.115,0.051,0.064,0.538,0.506,0.667,0.311,0.5,0.28,0.352,0.692,0.932,0.056,20,0.195,0.244,1,0,
199,Wesley Johnson,30,LAC,SF,74,40,1486,0.408,17.5,0.519,0.155,0.038,0.079,0.247,0.481,0.471,0.649,0.286,0.379,0.418,0.339,0.756,0.9,0.046,16,0.537,0.389,1,0,
200,Aron Baynes,31,BOS,C,81,67,1485,0.471,7.9,0.953,0.399,0.195,0.188,0.17,0.047,0.487,0.562,0.379,0.464,0.461,0.143,0.744,1,0.126,40,0.571,0.083,0,0,
201,OG Anunoby,20,TOR,SF,74,62,1481,0.471,14.5,0.431,0.353,0.049,0.014,0.014,0.569,0.604,0.697,0.235,0.2,0,0.371,0.711,0.945,0.136,42,0.528,0.452,0,0,
202,Ed Davis,28,POR,C,78,0,1471,0.582,2.4,0.997,0.695,0.267,0.031,0.003,0.003,0.584,0.67,0.385,0.444,0,0,0.576,,0.154,39,0,,1,0,
203,Tyus Jones,21,MIN,PG,82,11,1467,0.457,14,0.607,0.229,0.186,0.113,0.079,0.393,0.528,0.68,0.377,0.514,0.462,0.349,0.381,0.933,0.009,2,0.333,0.372,2,0,
204,Luke Kennard,21,DET,SG,73,9,1463,0.443,16.5,0.581,0.133,0.135,0.127,0.185,0.419,0.463,0.597,0.302,0.441,0.5,0.415,0.528,0.975,0.011,5,0.144,0.393,0,0,
205,Josh Hart,22,LAL,SG,63,23,1461,0.469,15.1,0.475,0.317,0.061,0.053,0.043,0.525,0.551,0.681,0.261,0.3,0.313,0.396,0.633,0.936,0.027,10,0.198,0.513,0,0,
206,Ian Clark,26,NOP,SG,74,2,1455,0.448,15.3,0.606,0.152,0.216,0.109,0.129,0.394,0.533,0.68,0.458,0.574,0.453,0.318,0.55,0.806,0,0,0.267,0.365,2,0,
207,Marcus Morris,28,BOS,PF,54,21,1442,0.429,16.5,0.617,0.139,0.128,0.16,0.19,0.383,0.467,0.612,0.41,0.398,0.457,0.368,0.483,0.919,0.018,10,0.175,0.341,9,0,
208,Jarrett Allen,19,BRK,C,72,31,1441,0.589,3.7,0.962,0.668,0.232,0.038,0.023,0.038,0.599,0.698,0.38,0.333,0.333,0.333,0.843,1,0.353,117,0.867,0.385,2,1,
209,Mason Plumlee,27,DEN,C,74,26,1439,0.601,2.9,0.997,0.674,0.264,0.035,0.024,0.003,0.602,0.714,0.371,0.385,0.333,0,0.715,,0.31,103,0,,0,0,
210,Malcolm Brogdon,25,MIL,PG,48,20,1436,0.485,11.7,0.68,0.374,0.127,0.115,0.064,0.32,0.532,0.66,0.297,0.414,0.469,0.385,0.396,0.726,0.022,11,0.261,0.476,1,0,
211,Delon Wright,25,TOR,PG,69,4,1433,0.465,11.1,0.646,0.394,0.211,0.025,0.014,0.354,0.52,0.629,0.352,0.364,0.333,0.366,0.248,0.786,0.032,13,0.216,0.424,4,1,
212,Avery Bradley,27,2TM,SG,46,46,1433,0.414,12.9,0.675,0.227,0.13,0.099,0.219,0.325,0.436,0.599,0.346,0.355,0.358,0.369,0.685,0.92,0.026,13,0.335,0.426,0,0,
212,Avery Bradley,27,DET,SG,40,40,1268,0.409,14.6,0.66,0.221,0.125,0.098,0.216,0.34,0.423,0.571,0.338,0.375,0.341,0.381,0.704,0.919,0.025,11,0.314,0.459,0,0,
212,Avery Bradley,27,LAC,SG,6,6,165,0.473,11.2,0.836,0.291,0.182,0.109,0.255,0.164,0.543,0.813,0.4,0.167,0.5,0.111,0.56,1,0.036,2,0.778,0.143,0,0,
213,Mario Chalmers,31,MEM,PG,66,10,1421,0.379,15.1,0.569,0.242,0.142,0.106,0.079,0.431,0.456,0.542,0.333,0.404,0.486,0.277,0.278,0.83,0,0,0.209,0.3,8,0,
214,Larry Nance Jr.,25,2TM,C,66,26,1421,0.581,6.2,0.971,0.581,0.157,0.087,0.148,0.029,0.594,0.733,0.369,0.333,0.426,0.167,0.744,1,0.269,94,0.25,0,3,0,
214,Larry Nance Jr.,25,LAL,C,42,17,922,0.601,5.7,0.984,0.601,0.15,0.099,0.138,0.016,0.606,0.763,0.421,0.24,0.371,0.25,0.715,1,0.269,59,0.25,0,2,0,
214,Larry Nance Jr.,25,CLE,C,24,9,499,0.55,6.7,0.95,0.55,0.169,0.069,0.163,0.05,0.572,0.682,0.296,0.545,0.5,0.125,0.793,1,0.269,35,0.25,0,1,0,
215,John Wall,27,WAS,PG,41,41,1410,0.42,13,0.75,0.31,0.09,0.093,0.253,0.25,0.436,0.638,0.317,0.274,0.296,0.371,0.101,0.645,0.028,16,0.042,0.714,3,0,AS
216,Mike Scott,29,WAS,PF,76,1,1406,0.527,14,0.689,0.168,0.193,0.176,0.153,0.311,0.582,0.693,0.495,0.587,0.563,0.405,0.743,1,0.015,7,0.258,0.452,1,0,
217,Alex Len,24,PHO,C,69,13,1395,0.566,2.7,0.992,0.733,0.167,0.053,0.04,0.008,0.568,0.646,0.349,0.5,0.133,0.333,0.676,1,0.288,95,0,,0,0,
218,Nick Young,32,GSW,SG,80,8,1393,0.412,20.6,0.332,0.07,0.023,0.113,0.127,0.668,0.481,0.676,0.455,0.509,0.355,0.377,0.641,0.886,0.006,1,0.279,0.396,1,0,
219,Trey Lyles,22,DEN,PF,73,2,1391,0.491,12.9,0.604,0.3,0.185,0.078,0.04,0.396,0.563,0.697,0.392,0.535,0.409,0.381,0.642,0.988,0.08,40,0.188,0.366,3,0,
220,Kosta Koufos,28,SAC,C,71,12,1391,0.571,5,1,0.391,0.476,0.131,0.003,0,0.571,0.711,0.476,0.49,1,,0.689,,0.064,24,,,0,0,
221,Kyle O'Quinn,27,NYK,C,77,10,1387,0.583,7.3,0.956,0.477,0.19,0.135,0.154,0.044,0.599,0.705,0.534,0.5,0.441,0.235,0.659,1,0.086,30,0.235,0.5,1,0,
222,Nemanja Bjelica,29,MIN,PF,67,21,1371,0.461,14.4,0.507,0.261,0.194,0.024,0.024,0.493,0.505,0.66,0.375,0.333,0.111,0.415,0.6,0.934,0.022,7,0.246,0.4,0,0,
223,Bam Adebayo,20,MIA,C,69,19,1368,0.512,4.3,0.979,0.624,0.232,0.082,0.041,0.021,0.523,0.642,0.329,0.321,0.214,0,0.701,,0.294,91,0,,4,0,
224,Raymond Felton,33,OKC,PG,82,2,1365,0.406,16.9,0.583,0.168,0.111,0.092,0.212,0.417,0.444,0.538,0.443,0.373,0.402,0.352,0.077,0.728,0,0,0.17,0.462,10,0,
225,Shelvin Mack,27,ORL,PG,69,3,1365,0.43,13.1,0.664,0.229,0.225,0.118,0.092,0.336,0.473,0.705,0.355,0.327,0.368,0.345,0.323,0.688,0,0,0.137,0.421,0,0,
226,Hassan Whiteside,28,MIA,C,54,54,1364,0.54,5.6,0.997,0.434,0.33,0.151,0.081,0.003,0.538,0.713,0.445,0.31,0.404,1,0.587,1,0.168,89,0,,0,0,
227,Quincy Acy,27,BRK,PF,70,8,1359,0.356,20.7,0.2,0.115,0.027,0.025,0.033,0.8,0.384,0.5,0,0.333,0.333,0.349,0.857,0.99,0.036,9,0.305,0.404,0,0,
228,Lance Thomas,29,NYK,PF,73,31,1353,0.382,15.3,0.536,0.228,0.127,0.049,0.131,0.464,0.364,0.508,0.147,0.308,0.343,0.403,0.5,1,0.034,8,0.452,0.446,0,0,
229,Devin Harris,34,2TM,PG,71,1,1340,0.412,15.9,0.5,0.293,0.117,0.037,0.053,0.5,0.476,0.632,0.208,0.412,0.25,0.348,0.556,0.747,0.002,0,0.181,0.439,9,0,
229,Devin Harris,34,DAL,PG,44,1,807,0.415,14,0.56,0.331,0.137,0.035,0.056,0.44,0.465,0.628,0.256,0.2,0.188,0.352,0.608,0.841,0,0,0.2,0.32,5,0,
229,Devin Harris,34,DEN,PG,27,0,533,0.406,17.9,0.4,0.229,0.082,0.041,0.047,0.6,0.5,0.641,0.071,0.714,0.375,0.343,0.441,0.629,0.006,0,0.157,0.625,4,0,
230,C.J. Miles,30,TOR,SF,70,3,1337,0.379,20.8,0.242,0.095,0.065,0.032,0.048,0.758,0.434,0.667,0.256,0.368,0.276,0.361,0.635,0.933,0.025,12,0.196,0.494,2,0,
231,Gorgui Dieng,28,MIN,C,79,0,1333,0.479,12.4,0.843,0.25,0.129,0.152,0.312,0.157,0.511,0.67,0.3,0.542,0.455,0.311,0.784,0.895,0.075,28,0.77,0.298,0,0,
232,Andrew Harrison,23,MEM,PG,56,46,1326,0.422,13.2,0.669,0.301,0.124,0.082,0.163,0.331,0.467,0.574,0.396,0.286,0.414,0.331,0.134,0.745,0.005,1,0.289,0.317,0,0,
233,Manu Ginóbili,40,SAS,SG,65,0,1299,0.434,13.8,0.585,0.283,0.153,0.099,0.048,0.415,0.506,0.641,0.408,0.348,0.364,0.333,0.423,0.797,0.015,7,0.198,0.342,1,0,
234,Montrezl Harrell,24,LAC,C,76,3,1293,0.635,3.5,0.987,0.646,0.268,0.051,0.02,0.013,0.641,0.734,0.49,0.429,0.273,0.143,0.669,0,0.234,115,0,,1,0,
235,Patrick Patterson,28,OKC,PF,82,3,1270,0.398,17.5,0.357,0.128,0.135,0.06,0.03,0.643,0.421,0.588,0.361,0.25,0.375,0.386,0.6,1,0,0,0.433,0.392,0,0,
236,Maurice Harkless,24,POR,SF,59,37,1264,0.495,11.2,0.603,0.458,0.098,0.007,0.04,0.397,0.547,0.618,0.31,0.5,0.333,0.415,0.602,0.98,0.135,30,0.441,0.404,0,0,
237,Emmanuel Mudiay,21,2TM,PG,64,14,1245,0.388,12.7,0.719,0.238,0.203,0.154,0.124,0.281,0.415,0.56,0.336,0.358,0.338,0.318,0.306,0.787,0.013,7,0.169,0.52,3,0,
237,Emmanuel Mudiay,21,DEN,PG,42,0,752,0.401,12.9,0.683,0.23,0.22,0.143,0.09,0.317,0.414,0.5,0.394,0.348,0.345,0.373,0.33,0.763,0.012,4,0.206,0.571,2,0,
237,Emmanuel Mudiay,21,NYK,PG,22,14,493,0.368,12.6,0.775,0.25,0.176,0.172,0.176,0.225,0.418,0.647,0.222,0.371,0.333,0.196,0.273,0.889,0.015,3,0.087,0.25,1,0,
238,Skal Labissière,21,SAC,PF,60,29,1240,0.448,9.9,0.889,0.255,0.31,0.175,0.148,0.111,0.459,0.692,0.38,0.375,0.324,0.353,0.556,1,0.114,46,0.039,1,1,0,
239,Thon Maker,20,MIL,C,74,12,1238,0.411,13.4,0.671,0.285,0.13,0.104,0.152,0.329,0.467,0.544,0.317,0.364,0.521,0.298,0.899,1,0.101,27,0.452,0.34,1,0,
240,D'Angelo Russell,21,BRK,PG,48,35,1234,0.414,15.5,0.586,0.159,0.176,0.134,0.118,0.414,0.477,0.636,0.356,0.467,0.456,0.324,0.144,0.644,0.003,2,0.094,0.385,0,0,
241,Rudy Gay,31,SAS,PF,57,6,1231,0.471,11.7,0.78,0.261,0.207,0.218,0.095,0.22,0.516,0.679,0.396,0.504,0.353,0.314,0.403,0.865,0.071,32,0.246,0.31,6,0,
242,Corey Brewer,31,2TM,SF,72,18,1208,0.449,10.3,0.652,0.509,0.101,0.019,0.022,0.348,0.539,0.602,0.281,0.167,0.571,0.282,0.604,1,0.089,24,0.709,0.321,3,0,
242,Corey Brewer,31,LAL,SF,54,2,694,0.453,8.3,0.75,0.547,0.157,0.029,0.017,0.25,0.543,0.628,0.333,0.2,0.333,0.186,0.586,1,0.081,12,0.558,0.167,2,0,
242,Corey Brewer,31,OKC,SG,18,16,514,0.444,12.3,0.535,0.465,0.035,0.007,0.028,0.465,0.532,0.567,0,0,0.75,0.343,0.634,1,0.097,12,0.806,0.389,1,0,
243,Maxi Kleber,26,DAL,PF,72,35,1206,0.489,12.8,0.586,0.366,0.094,0.065,0.061,0.414,0.613,0.69,0.586,0.45,0.368,0.313,0.793,1,0.155,44,0.406,0.365,1,0,
244,Joe Johnson,36,2TM,SF,55,4,1205,0.406,16.2,0.597,0.033,0.244,0.189,0.131,0.403,0.493,0.667,0.523,0.471,0.426,0.276,0.226,0.975,0.003,0,0.386,0.321,1,0,
244,Joe Johnson,36,UTA,SF,32,3,700,0.42,16,0.628,0.031,0.243,0.208,0.146,0.372,0.507,0.714,0.545,0.447,0.485,0.274,0.25,0.957,0.004,0,0.381,0.281,0,0,
244,Joe Johnson,36,HOU,SF,23,1,505,0.381,16.5,0.545,0.037,0.246,0.157,0.104,0.455,0.466,0.6,0.485,0.524,0.286,0.279,0.176,1,0,0,0.393,0.375,1,0,
245,Reggie Jackson,27,DET,PG,45,45,1201,0.426,13.7,0.707,0.156,0.251,0.172,0.128,0.293,0.475,0.6,0.434,0.515,0.351,0.308,0.088,0.577,0.009,3,0.142,0.417,3,0,
246,Amir Johnson,30,PHI,C,74,18,1171,0.538,6.5,0.877,0.431,0.385,0.038,0.027,0.123,0.57,0.714,0.45,0.2,0.429,0.313,0.654,1,0.077,17,0.281,0.333,1,0,
247,Isaiah Taylor,23,ATL,PG,67,9,1167,0.418,9.6,0.795,0.374,0.256,0.108,0.056,0.205,0.461,0.61,0.39,0.214,0.273,0.25,0.266,0.75,0.01,3,0.138,0.455,3,0,
248,Trevor Booker,30,3TM,PF,68,7,1158,0.516,6.8,0.904,0.411,0.379,0.076,0.038,0.096,0.545,0.674,0.469,0.346,0.308,0.242,0.598,1,0.023,7,0.273,0.222,0,0,
248,Trevor Booker,30,BRK,PF,18,6,395,0.513,5.9,0.92,0.387,0.447,0.06,0.027,0.08,0.536,0.655,0.463,0.444,0.25,0.25,0.514,1,0.02,2,0.417,0.4,0,0,
248,Trevor Booker,30,PHI,PF,33,0,494,0.56,5.8,0.936,0.477,0.339,0.092,0.028,0.064,0.578,0.769,0.459,0.2,0,0.286,0.78,1,0.028,3,0.286,0,0,0,
248,Trevor Booker,30,IND,PF,17,1,269,0.464,8.7,0.833,0.369,0.31,0.083,0.071,0.167,0.514,0.548,0.5,0.429,0.5,0.214,0.472,1,0.024,2,0.143,0,0,0,
249,Sindarius Thornwell,23,LAC,SG,73,16,1156,0.429,10.2,0.738,0.399,0.215,0.052,0.073,0.262,0.448,0.505,0.32,0.5,0.471,0.377,0.688,1,0.047,7,0.459,0.393,2,0,
250,Tyson Chandler,35,PHO,C,46,46,1151,0.647,1,1,0.93,0.053,0.005,0.011,0,0.647,0.672,0.2,1,0.5,,0.669,,0.412,65,,,0,0,
251,Semi Ojeleye,23,BOS,PF,73,0,1150,0.346,17.8,0.335,0.165,0.101,0.021,0.048,0.665,0.397,0.484,0.316,0.5,0.222,0.32,0.8,0.95,0.037,2,0.496,0.371,0,0,
252,Royce O'Neale,24,UTA,SF,69,4,1150,0.423,12.8,0.585,0.331,0.148,0.088,0.018,0.415,0.47,0.574,0.262,0.48,0.2,0.356,0.5,0.857,0.039,10,0.475,0.411,3,0,
253,Ian Mahinmi,31,WAS,C,77,0,1145,0.556,3.3,0.992,0.621,0.31,0.044,0.012,0.008,0.561,0.669,0.403,0.364,0,0,0.623,,0.173,37,0,,1,0,
254,Paul Millsap,32,DEN,PF,38,37,1143,0.464,11.3,0.74,0.2,0.326,0.168,0.048,0.26,0.506,0.644,0.486,0.452,0.238,0.345,0.491,0.949,0.039,16,0.177,0.5,1,0,
255,Álex Abrines,24,OKC,SG,75,8,1134,0.395,20.3,0.241,0.127,0.041,0.027,0.041,0.759,0.443,0.595,0.25,0.625,0.083,0.38,0.548,1,0.034,9,0.253,0.375,1,0,
256,Jonas Jerebko,30,UTA,PF,74,19,1134,0.466,14,0.54,0.261,0.176,0.041,0.062,0.46,0.511,0.708,0.3,0.5,0.286,0.414,0.691,1,0.038,13,0.42,0.53,0,0,
257,Miloš Teodosić,30,LAC,PG,45,36,1134,0.419,20.7,0.356,0.064,0.036,0.083,0.172,0.644,0.492,0.652,0.385,0.533,0.435,0.379,0.302,0.705,0,0,0.082,0.421,0,0,
258,Shaun Livingston,32,GSW,PG,71,7,1129,0.501,9.3,0.985,0.236,0.192,0.461,0.096,0.015,0.509,0.716,0.47,0.437,0.424,0,0.529,,0.093,31,0.4,0,1,0,
259,Jodie Meeks,30,WAS,SG,77,0,1119,0.399,17.8,0.466,0.12,0.12,0.099,0.127,0.534,0.464,0.723,0.468,0.282,0.36,0.343,0.765,0.944,0.003,0,0.2,0.357,0,0,
260,Tyler Zeller,28,2TM,C,66,34,1109,0.56,4.7,0.916,0.53,0.308,0.039,0.039,0.084,0.578,0.672,0.466,0.385,0.385,0.357,0.757,1,0.054,15,0.75,0.476,0,0,
260,Tyler Zeller,28,BRK,C,42,33,703,0.546,6,0.886,0.476,0.336,0.035,0.039,0.114,0.567,0.651,0.494,0.25,0.444,0.385,0.757,1,0.039,7,0.731,0.526,0,0,
260,Tyler Zeller,28,MIL,C,24,1,406,0.59,3.4,0.981,0.648,0.248,0.048,0.038,0.019,0.602,0.706,0.385,0.6,0.25,0,0.758,,0.086,8,1,0,0,0,
261,Ben McLemore,24,MEM,SG,56,17,1091,0.421,14.8,0.574,0.241,0.126,0.062,0.145,0.426,0.477,0.6,0.34,0.522,0.37,0.346,0.706,0.964,0.024,8,0.283,0.378,1,0,
262,Dāvis Bertāns,25,SAS,PF,77,10,1086,0.44,19.7,0.311,0.137,0.068,0.057,0.049,0.689,0.588,0.8,0.44,0.524,0.278,0.373,0.836,1,0.033,12,0.143,0.5,1,0,
263,Tristan Thompson,26,CLE,C,53,22,1072,0.562,3.2,1,0.664,0.255,0.06,0.026,0,0.562,0.673,0.35,0.286,0.333,,0.712,,0.196,40,,,0,0,
264,Tony Parker,35,SAS,PG,55,21,1071,0.459,10.4,0.905,0.338,0.144,0.126,0.296,0.095,0.479,0.626,0.393,0.429,0.374,0.27,0.286,0.9,0,0,0.757,0.286,1,0,
265,Norman Powell,24,TOR,SG,70,18,1062,0.401,14.6,0.503,0.278,0.134,0.04,0.051,0.497,0.516,0.596,0.42,0.4,0.421,0.285,0.412,0.925,0.043,14,0.333,0.29,0,0,
266,Mike Muscala,26,ATL,C,53,7,1060,0.458,15.8,0.465,0.231,0.096,0.103,0.038,0.535,0.559,0.694,0.367,0.438,0.5,0.371,0.654,1,0.042,10,0.329,0.491,0,0,
267,Alec Burks,26,UTA,SG,64,1,1059,0.411,13.3,0.657,0.251,0.184,0.13,0.092,0.343,0.452,0.635,0.303,0.37,0.368,0.331,0.431,0.66,0.046,18,0.162,0.304,1,0,
268,Treveon Graham,24,CHO,SG,63,2,1050,0.434,14.4,0.561,0.253,0.14,0.1,0.068,0.439,0.452,0.536,0.355,0.318,0.533,0.412,0.607,0.975,0.005,1,0.402,0.41,0,0,
269,Zach Collins,20,POR,C,66,1,1045,0.398,13.5,0.609,0.266,0.152,0.114,0.08,0.391,0.455,0.623,0.318,0.333,0.304,0.31,0.65,0.971,0.059,14,0.292,0.394,1,0,
270,Greg Monroe,27,3TM,C,51,14,1040,0.565,3.9,1,0.516,0.396,0.044,0.044,0,0.565,0.729,0.379,0.412,0.471,,0.514,,0.023,7,,,0,0,
270,Greg Monroe,27,MIL,C,5,0,79,0.485,4.6,1,0.485,0.364,0.091,0.061,0,0.485,0.563,0.417,0.667,0,,0.625,,0,0,,,0,0,
270,Greg Monroe,27,PHO,C,20,14,465,0.626,3.2,1,0.587,0.348,0.026,0.039,0,0.626,0.747,0.426,0.5,0.667,,0.495,,0.019,2,,,0,0,
270,Greg Monroe,27,BOS,C,26,0,496,0.53,4,1,0.465,0.439,0.051,0.045,0,0.53,0.739,0.345,0.3,0.444,,0.514,,0.03,5,,,0,0,
271,Andre Roberson,26,OKC,SG,39,39,1037,0.537,6.1,0.778,0.716,0.056,0,0.006,0.222,0.627,0.681,0,,0,0.222,0.759,1,0.136,20,0.583,0.19,0,0,
272,Vince Carter,41,SAC,SF,58,4,1026,0.403,18.2,0.417,0.17,0.092,0.042,0.113,0.583,0.483,0.583,0.308,0.583,0.438,0.345,0.474,0.982,0.039,10,0.145,0.292,2,0,
273,Wes Iwundu,23,ORL,SF,62,12,1020,0.427,10,0.789,0.39,0.165,0.11,0.124,0.211,0.488,0.635,0.361,0.375,0.296,0.196,0.56,1,0.055,11,0.522,0.25,0,0,
274,Malcolm Delaney,28,ATL,PG,54,3,1014,0.382,16.7,0.565,0.168,0.095,0.084,0.218,0.435,0.391,0.542,0.111,0.375,0.403,0.371,0.397,0.739,0.004,1,0.226,0.429,1,0,
275,Jameer Nelson,35,2TM,PG,50,0,1013,0.389,17.9,0.492,0.139,0.07,0.082,0.201,0.508,0.45,0.676,0.294,0.35,0.388,0.331,0.389,0.634,0,0,0.137,0.294,1,0,
275,Jameer Nelson,35,NOP,PG,43,0,897,0.41,18.8,0.463,0.141,0.059,0.083,0.18,0.537,0.463,0.621,0.333,0.412,0.405,0.364,0.386,0.65,0,0,0.145,0.313,1,0,
275,Jameer Nelson,35,DET,PG,7,0,116,0.282,16.9,0.641,0.128,0.128,0.077,0.308,0.359,0.4,1,0.2,0,0.333,0.071,0.4,0,0,0,0.071,0,0,0,
276,David West,37,GSW,C,73,0,999,0.571,9.2,0.979,0.336,0.193,0.185,0.265,0.021,0.576,0.764,0.425,0.629,0.41,0.375,0.761,0.667,0.09,31,0.125,0,0,0,
277,Frank Mason III,23,SAC,PG,52,2,984,0.379,12.4,0.774,0.279,0.203,0.1,0.192,0.226,0.384,0.462,0.299,0.316,0.397,0.36,0.257,0.484,0.003,1,0.105,0.333,4,0,
278,Josh Huestis,26,OKC,PF,69,10,982,0.33,16.4,0.368,0.275,0.038,0.022,0.033,0.632,0.403,0.48,0.143,0,0.333,0.287,0.556,1,0.115,17,0.357,0.268,0,0,
279,Cristiano Felício,25,CHI,C,55,16,977,0.591,4.2,0.991,0.637,0.2,0.07,0.084,0.009,0.596,0.693,0.512,0.2,0.389,0,0.756,,0.102,20,0,,0,0,
280,Tyler Dorsey,21,ATL,SG,56,5,974,0.377,17.6,0.479,0.173,0.094,0.068,0.147,0.521,0.393,0.5,0.333,0.192,0.393,0.362,0.444,0.819,0.01,3,0.146,0.31,3,0,
281,Zaza Pachulia,33,GSW,C,69,57,972,0.564,4.6,0.996,0.614,0.193,0.102,0.083,0.004,0.567,0.654,0.431,0.519,0.318,0,0.819,,0.049,13,0,,1,0,
282,Patrick McCaw,22,GSW,SG,57,10,961,0.409,12.9,0.644,0.347,0.133,0.062,0.107,0.356,0.503,0.654,0.333,0.357,0.292,0.238,0.699,1,0.058,8,0.275,0.455,1,0,
283,Deyonta Davis,21,MEM,C,62,6,943,0.608,5.6,1,0.581,0.147,0.117,0.155,0,0.608,0.753,0.41,0.387,0.415,,0.77,,0.196,51,,,0,0,
284,Daniel Theis,25,BOS,C,63,3,936,0.541,9.9,0.751,0.464,0.099,0.103,0.086,0.249,0.617,0.741,0.304,0.542,0.4,0.31,0.759,1,0.202,41,0.259,0.533,0,0,
285,Gerald Green,32,HOU,SG,41,2,929,0.407,20,0.278,0.121,0.036,0.07,0.051,0.722,0.504,0.56,0.4,0.483,0.476,0.369,0.5,0.773,0.036,13,0.262,0.385,2,0,
286,Jerryd Bayless,29,PHI,SG,39,11,925,0.416,17,0.443,0.168,0.118,0.05,0.107,0.557,0.474,0.682,0.419,0.308,0.286,0.37,0.727,0.963,0.004,1,0.329,0.396,0,0,
287,Miles Plumlee,29,ATL,C,55,35,918,0.583,3,1,0.65,0.267,0.061,0.022,0,0.583,0.709,0.333,0.455,0.25,,0.781,,0.35,55,,,0,0,
288,Dion Waiters,26,MIA,SG,30,30,918,0.398,15,0.585,0.246,0.124,0.046,0.168,0.415,0.463,0.614,0.333,0.421,0.348,0.306,0.171,0.769,0.007,3,0.271,0.391,1,0,
289,José Calderón,36,CLE,PG,57,32,914,0.503,17.8,0.476,0.178,0.043,0.076,0.178,0.524,0.545,0.667,0.625,0.5,0.424,0.464,0.229,0.822,0,0,0.155,0.6,0,0,
290,Kevon Looney,21,GSW,C,66,4,910,0.58,4.8,0.974,0.627,0.202,0.073,0.067,0.026,0.59,0.744,0.205,0.643,0.308,0.2,0.685,1,0.218,39,0,,2,0,
291,Sam Dekker,23,LAC,PF,73,1,883,0.494,8.2,0.768,0.564,0.131,0.023,0.05,0.232,0.593,0.685,0.353,0.5,0.231,0.167,0.712,0.9,0.143,30,0.267,0.188,1,0,
292,Noah Vonleh,22,2TM,PF,54,16,875,0.444,10.9,0.718,0.376,0.154,0.06,0.128,0.282,0.5,0.625,0.333,0.357,0.4,0.303,0.488,0.95,0.111,22,0.076,0.2,0,0,
292,Noah Vonleh,22,POR,PF,33,12,476,0.49,8.5,0.938,0.458,0.135,0.094,0.25,0.063,0.5,0.636,0.154,0.556,0.417,0.333,0.556,0.5,0.167,14,0,,0,0,
292,Noah Vonleh,22,CHI,PF,21,4,399,0.413,13.3,0.565,0.319,0.167,0.036,0.043,0.435,0.5,0.614,0.435,0,0.333,0.3,0.41,1,0.072,8,0.083,0.2,0,0,
293,Langston Galloway,26,DET,SG,58,2,863,0.371,20.7,0.359,0.038,0.076,0.085,0.159,0.641,0.418,0.692,0.346,0.483,0.352,0.344,0.451,0.92,0,0,0.202,0.364,0,0,
294,Isaiah Thomas,28,2TM,PG,32,15,862,0.373,15.8,0.553,0.192,0.124,0.135,0.102,0.447,0.438,0.506,0.365,0.404,0.442,0.293,0.275,0.545,0,0,0.128,0.292,1,0,
294,Isaiah Thomas,28,CLE,PG,15,14,406,0.361,15.8,0.552,0.201,0.103,0.129,0.119,0.448,0.449,0.487,0.3,0.48,0.478,0.253,0.333,0.591,0,0,0.195,0.294,0,0,
294,Isaiah Thomas,28,LAL,PG,17,1,456,0.383,15.8,0.555,0.185,0.141,0.141,0.088,0.445,0.429,0.524,0.406,0.344,0.4,0.327,0.222,0.515,0,0,0.069,0.286,1,0,
295,Malik Monk,19,CHO,SG,63,0,854,0.36,19.3,0.428,0.101,0.085,0.082,0.16,0.572,0.385,0.605,0.361,0.286,0.309,0.342,0.386,0.627,0.014,6,0.177,0.349,4,0,
296,Tyrone Wallace,23,LAC,PG,30,19,851,0.445,8.2,0.838,0.352,0.312,0.154,0.02,0.162,0.483,0.667,0.364,0.316,0.4,0.25,0.58,1,0.016,4,0.55,0.364,1,0,
297,Tim Frazier,27,WAS,PG,59,11,838,0.395,15.8,0.674,0.157,0.128,0.128,0.262,0.326,0.44,0.741,0.227,0.409,0.378,0.304,0.431,0.588,0.012,2,0.054,0.333,0,0,
298,Michael Carter-Williams,26,CHO,PG,52,2,835,0.332,11.3,0.742,0.314,0.214,0.1,0.114,0.258,0.365,0.556,0.224,0.217,0.231,0.237,0.339,0.857,0.035,8,0.373,0.227,0,0,
299,Paul Zipser,23,CHI,SF,54,12,824,0.346,16.9,0.53,0.15,0.12,0.077,0.184,0.47,0.355,0.629,0.214,0.389,0.209,0.336,0.591,0.973,0.026,6,0.209,0.391,0,0,
300,Jason Terry,40,MIL,SG,51,4,814,0.383,20.8,0.253,0.084,0.026,0.058,0.084,0.747,0.487,0.538,0.25,0.667,0.385,0.348,0.579,0.975,0,0,0.478,0.4,1,0,
301,Ekpe Udoh,30,UTA,C,63,3,810,0.5,4.5,0.992,0.542,0.308,0.117,0.025,0.008,0.504,0.662,0.378,0.214,0,0,0.683,,0.15,18,0,,1,0,
302,Jordan Bell,23,GSW,C,57,13,809,0.627,4,0.978,0.703,0.13,0.103,0.043,0.022,0.641,0.7,0.417,0.632,0.375,0,0.733,,0.292,44,0,,0,0,
303,Timothé Luwawu-Cabarrot,22,PHI,SF,52,7,807,0.375,16.2,0.408,0.288,0.075,0.004,0.041,0.592,0.431,0.545,0.1,1,0.182,0.335,0.851,0.962,0.011,1,0.291,0.348,0,0,
304,Thabo Sefolosha,33,UTA,SF,38,6,806,0.492,12.3,0.65,0.333,0.121,0.096,0.1,0.35,0.551,0.688,0.379,0.435,0.417,0.381,0.64,0.906,0.042,9,0.548,0.457,0,0,
305,Eric Moreland,26,DET,PF,67,3,805,0.541,3.6,1,0.574,0.311,0.09,0.025,0,0.541,0.671,0.395,0.364,0,,0.712,,0.164,16,,,0,0,
306,Trey Burke,25,NYK,PG,36,9,785,0.503,15.6,0.727,0.161,0.102,0.169,0.294,0.273,0.556,0.726,0.41,0.462,0.566,0.362,0.226,0.789,0.003,1,0.133,0.429,3,0,
307,Jawun Evans,21,LAC,PG,48,4,778,0.352,12.4,0.787,0.277,0.194,0.095,0.217,0.213,0.372,0.457,0.265,0.583,0.273,0.278,0.392,0.733,0,0,0.296,0.25,3,0,
308,Sterling Brown,22,MIL,SG,54,4,776,0.4,14.2,0.556,0.268,0.137,0.083,0.068,0.444,0.439,0.527,0.25,0.529,0.357,0.352,0.58,0.938,0.034,5,0.44,0.375,1,0,
309,Shane Larkin,25,BOS,PG,54,2,775,0.384,15.3,0.607,0.242,0.096,0.068,0.201,0.393,0.398,0.528,0.429,0.267,0.273,0.36,0.264,0.774,0,0,0.151,0.462,0,0,
310,Terrance Ferguson,19,OKC,SG,61,12,763,0.414,19,0.29,0.166,0.03,0.018,0.077,0.71,0.612,0.714,0.2,0.333,0.615,0.333,0.767,1,0.077,10,0.508,0.426,0,0,
311,Nenê,35,HOU,C,52,4,758,0.569,4.2,0.992,0.632,0.197,0.088,0.075,0.008,0.574,0.636,0.511,0.381,0.444,0,0.787,,0.197,41,1,0,0,0,
312,Richaun Holmes,24,PHI,C,48,2,746,0.56,7.1,0.871,0.51,0.22,0.087,0.058,0.129,0.624,0.797,0.415,0.381,0.214,0.129,0.771,1,0.29,67,0.097,0,1,0,
313,Jabari Parker,22,MIL,PF,31,3,743,0.482,11.8,0.756,0.349,0.145,0.108,0.154,0.244,0.514,0.621,0.375,0.444,0.451,0.383,0.581,0.968,0.136,35,0.173,0.5,2,0,
314,Omri Casspi,29,GSW,SF,53,7,740,0.58,6.1,0.894,0.507,0.3,0.082,0.005,0.106,0.595,0.705,0.452,0.471,0,0.455,0.791,1,0.053,10,0.227,0.8,1,0,
315,Quinn Cook,24,GSW,PG,33,18,740,0.484,16.2,0.587,0.183,0.091,0.123,0.19,0.413,0.514,0.565,0.435,0.484,0.521,0.442,0.408,0.761,0,0,0.163,0.471,0,0,
316,Salah Mejri,31,DAL,C,61,1,729,0.642,2.6,0.978,0.788,0.161,0,0.029,0.022,0.657,0.713,0.455,,0.25,0,0.693,,0.255,30,0,,0,0,
317,DeAndre Liggins,29,2TM,SG,58,4,724,0.377,16.5,0.5,0.189,0.104,0.038,0.17,0.5,0.396,0.45,0.273,0.25,0.444,0.358,0.429,0.947,0,0,0.566,0.267,1,0,
317,DeAndre Liggins,29,MIL,SG,31,1,480,0.338,17.8,0.446,0.154,0.108,0.031,0.154,0.554,0.379,0.3,0.286,0.5,0.5,0.306,0.636,0.909,0,0,0.556,0.25,1,0,
317,DeAndre Liggins,29,NOP,SG,27,3,244,0.439,15.2,0.585,0.244,0.098,0.049,0.195,0.415,0.417,0.6,0.25,0,0.375,0.471,0.2,1,0,0,0.588,0.3,0,0,
318,Luke Babbitt,28,2TM,SF,50,14,715,0.423,22.1,0.274,0.042,0.056,0.102,0.074,0.726,0.525,0.444,0.667,0.455,0.563,0.385,0.548,0.983,0.009,2,0.276,0.395,0,0,
318,Luke Babbitt,28,ATL,SF,37,9,570,0.476,20,0.339,0.054,0.071,0.125,0.089,0.661,0.544,0.444,0.667,0.476,0.6,0.441,0.548,0.98,0.012,2,0.27,0.433,0,0,
318,Luke Babbitt,28,MIA,SF,13,5,145,0.234,24.2,0.043,0,0,0.021,0.021,0.957,0,,,0,0,0.244,,1,0,0,0.289,0.308,0,0,
319,Dwayne Bacon,22,CHO,SG,53,6,713,0.375,14.3,0.776,0.182,0.104,0.193,0.302,0.224,0.409,0.629,0.4,0.324,0.328,0.256,0.525,1,0.026,3,0.372,0.375,0,0,
320,Matthew Dellavedova,27,MIL,PG,38,3,712,0.362,17.4,0.487,0.079,0.217,0.105,0.086,0.513,0.351,0.583,0.242,0.438,0.308,0.372,0.269,0.897,0,0,0.141,0.455,0,0,
321,C.J. Williams,27,LAC,SG,38,18,707,0.442,14.2,0.604,0.228,0.142,0.142,0.091,0.396,0.546,0.756,0.393,0.464,0.389,0.282,0.677,0.773,0.015,3,0.333,0.269,0,0,
322,Channing Frye,34,2TM,C,53,1,695,0.491,18.4,0.458,0.184,0.061,0.071,0.142,0.542,0.67,0.795,0.769,0.6,0.5,0.339,0.754,1,0.019,3,0.148,0.294,1,0,
322,Channing Frye,34,CLE,C,44,1,545,0.497,17.6,0.467,0.201,0.053,0.059,0.154,0.533,0.684,0.824,0.778,0.5,0.538,0.333,0.759,1,0.018,3,0.167,0.267,0,0,
322,Channing Frye,34,LAL,C,9,0,150,0.465,19.2,0.419,0.116,0.093,0.116,0.093,0.581,0.611,0.6,0.75,0.8,0.25,0.36,0.727,1,0.023,0,0.08,0.5,1,0,
323,Wayne Selden,23,MEM,SG,35,9,692,0.431,15,0.546,0.204,0.178,0.089,0.074,0.454,0.456,0.6,0.271,0.458,0.5,0.402,0.403,0.857,0.052,13,0.18,0.318,0,0,
324,Chandler Parsons,29,MEM,SF,36,8,691,0.462,17.7,0.483,0.158,0.077,0.098,0.15,0.517,0.504,0.703,0.333,0.435,0.429,0.421,0.368,0.824,0.021,5,0.165,0.45,0,0,
325,Mike James,27,2TM,PG,36,10,687,0.383,13.8,0.695,0.24,0.199,0.115,0.137,0.305,0.435,0.558,0.438,0.351,0.295,0.265,0.082,0.269,0.028,5,0.112,0.545,1,0,
325,Mike James,27,PHO,PG,32,10,669,0.388,13.2,0.689,0.247,0.202,0.103,0.135,0.311,0.442,0.558,0.444,0.344,0.31,0.268,0.084,0.269,0.029,5,0.113,0.545,1,0,
325,Mike James,27,NOP,PG,4,0,18,0.222,14.3,0.889,0,0.111,0.556,0.222,0.111,0.25,,0,0.4,0,0,0,,0,0,0,,0,0,
326,Jared Dudley,32,PHO,PF,48,0,686,0.393,18.7,0.344,0.189,0.033,0.033,0.09,0.656,0.452,0.609,0.25,0.25,0.273,0.363,0.789,1,0,0,0.213,0.471,0,0,
327,Tyler Ennis,23,LAL,PG,54,11,683,0.42,10.7,0.75,0.384,0.192,0.063,0.112,0.25,0.476,0.57,0.395,0.143,0.48,0.25,0.325,0.714,0,0,0.143,0.5,2,0,
328,Arron Afflalo,32,ORL,SG,53,3,682,0.401,17.1,0.568,0.093,0.123,0.154,0.198,0.432,0.413,0.733,0.45,0.36,0.281,0.386,0.632,0.926,0,0,0.414,0.276,0,0,
329,Marreese Speights,30,ORL,C,52,3,675,0.395,20.1,0.332,0.074,0.12,0.072,0.066,0.668,0.448,0.5,0.452,0.52,0.304,0.369,0.615,0.977,0.014,4,0.056,0.538,0,0,
330,Cedi Osman,22,CLE,SF,61,12,672,0.484,15.4,0.532,0.247,0.102,0.054,0.129,0.468,0.586,0.761,0.474,0.5,0.375,0.368,0.517,0.938,0.016,2,0.448,0.359,1,0,
331,Danilo Gallinari,29,LAC,SF,21,21,671,0.398,16.4,0.566,0.215,0.059,0.105,0.188,0.434,0.455,0.564,0.333,0.333,0.438,0.324,0.606,0.833,0.07,14,0.153,0.353,1,0,
332,Zach LaVine,22,CHI,SG,24,24,656,0.383,13.3,0.654,0.318,0.121,0.059,0.155,0.346,0.405,0.549,0.233,0.381,0.255,0.341,0.309,0.476,0.045,13,0.114,0.214,0,0,
333,Kobi Simmons,20,MEM,PG,32,12,643,0.423,11.3,0.794,0.312,0.196,0.153,0.132,0.206,0.46,0.712,0.324,0.345,0.2,0.282,0.435,0.818,0.042,8,0.308,0.333,3,0,
334,Sean Kilpatrick,28,4TM,SG,52,1,640,0.374,15.7,0.51,0.218,0.129,0.065,0.099,0.49,0.427,0.547,0.342,0.316,0.345,0.319,0.469,0.761,0.003,1,0.278,0.325,2,0,
334,Sean Kilpatrick,28,BRK,SG,16,0,183,0.287,16.4,0.506,0.172,0.149,0.08,0.103,0.494,0.318,0.4,0.308,0.143,0.333,0.256,0.5,0.636,0,0,0.163,0.286,2,0,
334,Sean Kilpatrick,28,MIL,SG,23,0,205,0.378,16.2,0.439,0.195,0.146,0.061,0.037,0.561,0.5,0.688,0.417,0.2,0.333,0.283,0.333,1,0,0,0.391,0.278,0,0,
334,Sean Kilpatrick,28,LAC,SG,4,0,38,0.389,15.2,0.611,0.222,0.111,0.111,0.167,0.389,0.364,0.5,0.5,0.5,0,0.429,0.75,0.333,0,0,0.286,0.5,0,0,
334,Sean Kilpatrick,28,CHI,SG,9,1,214,0.439,15,0.551,0.271,0.103,0.047,0.131,0.449,0.475,0.552,0.273,0.6,0.429,0.396,0.5,0.737,0.009,1,0.271,0.385,0,0,
335,Torrey Craig,27,DEN,SF,39,5,629,0.453,12.4,0.577,0.46,0.073,0.015,0.029,0.423,0.57,0.619,0.2,0.5,0.75,0.293,0.644,1,0.102,13,0.362,0.381,3,0,
336,Cody Zeller,25,CHO,C,33,0,627,0.545,4.8,0.981,0.622,0.192,0.019,0.135,0.019,0.542,0.608,0.467,0.667,0.381,0.667,0.795,1,0.109,16,0,,0,0,
337,JaVale McGee,30,GSW,C,65,17,615,0.621,4.4,0.973,0.621,0.215,0.073,0.064,0.027,0.638,0.75,0.489,0.25,0.5,0,0.824,,0.356,75,0.167,0,0,0,
338,Terrence Ross,26,ORL,SG,24,20,600,0.398,17.7,0.513,0.126,0.099,0.141,0.147,0.487,0.469,0.75,0.263,0.333,0.5,0.323,0.674,0.867,0.037,6,0.204,0.579,2,0,
339,Malik Beasley,21,DEN,SG,62,0,583,0.41,14.6,0.539,0.242,0.163,0.051,0.084,0.461,0.469,0.605,0.345,0.333,0.4,0.341,0.711,0.929,0.056,10,0.354,0.31,0,0,
340,Cameron Payne,23,CHI,PG,25,14,582,0.405,15.1,0.577,0.195,0.2,0.079,0.102,0.423,0.419,0.643,0.302,0.176,0.409,0.385,0.154,0.629,0.005,1,0.088,0.375,0,0,
341,Cheick Diallo,21,NOP,PF,52,0,581,0.58,5.9,1,0.477,0.239,0.176,0.108,0,0.58,0.75,0.452,0.484,0.263,,0.824,,0.136,22,,,0,0,
342,Khem Birch,25,ORL,C,42,0,578,0.54,4.2,1,0.587,0.238,0.159,0.016,0,0.54,0.662,0.433,0.3,0,,0.706,,0.246,24,,,0,0,
343,Brandon Paul,26,SAS,SG,64,2,576,0.433,14.1,0.575,0.315,0.11,0.047,0.094,0.425,0.548,0.7,0.5,0.167,0.25,0.278,0.675,0.933,0.094,9,0.278,0.267,1,0,
344,Alex Caruso,23,LAL,PG,37,7,562,0.431,13.5,0.629,0.319,0.121,0.112,0.078,0.371,0.507,0.703,0.429,0.231,0.222,0.302,0.514,0.615,0.052,4,0.116,0,1,0,
345,Joe Young,25,IND,PG,53,1,558,0.43,15.6,0.645,0.226,0.091,0.129,0.199,0.355,0.458,0.548,0.412,0.417,0.405,0.379,0.273,0.84,0.011,1,0.197,0.385,3,0,
346,Tarik Black,26,HOU,C,51,2,536,0.591,4.3,0.913,0.717,0.173,0,0.024,0.087,0.638,0.736,0.318,,0,0.091,0.824,1,0.315,36,0.273,0.333,1,0,
347,Jonathan Isaac,20,ORL,PF,27,10,536,0.379,13.8,0.683,0.186,0.124,0.193,0.179,0.317,0.394,0.815,0.5,0.143,0.154,0.348,0.667,1,0.11,14,0.413,0.263,0,0,
348,Joffrey Lauvergne,26,SAS,C,55,1,534,0.516,4.5,0.974,0.542,0.358,0.047,0.026,0.026,0.53,0.66,0.353,0.333,0.6,0,0.643,,0.132,21,0.6,0,1,0,
349,Nik Stauskas,24,2TM,SG,41,0,523,0.39,15.1,0.351,0.182,0.065,0.019,0.084,0.649,0.37,0.536,0.1,0,0.308,0.4,0.45,0.775,0.019,3,0.13,0.538,1,0,
349,Nik Stauskas,24,PHI,SG,6,0,45,0.25,11,0.75,0.5,0,0,0.25,0.25,0.333,0,,,1,0,1,,0,0,0,,0,0,
349,Nik Stauskas,24,BRK,SG,35,0,478,0.393,19.1,0.34,0.173,0.067,0.02,0.08,0.66,0.373,0.577,0.1,0,0.25,0.404,0.421,0.775,0.02,3,0.131,0.538,1,0,
350,Abdel Nader,24,BOS,SF,48,1,522,0.336,13.5,0.564,0.255,0.228,0.04,0.04,0.436,0.321,0.447,0.235,0.167,0.167,0.354,0.333,0.957,0.034,3,0.354,0.348,0,0,
351,Justin Anderson,24,PHI,SF,38,0,519,0.431,14.8,0.49,0.302,0.104,0.04,0.045,0.51,0.535,0.672,0.238,0.375,0.444,0.33,0.679,0.941,0.104,17,0.291,0.3,1,0,
352,Tyler Cavanaugh,23,ATL,PF,39,1,518,0.441,15.8,0.414,0.27,0.079,0.033,0.033,0.586,0.556,0.585,0.417,0.6,0.6,0.36,0.686,1,0.007,1,0.326,0.379,0,0,
353,Ivan Rabb,20,MEM,PF,36,5,516,0.566,7.5,1,0.461,0.145,0.151,0.243,0,0.566,0.686,0.409,0.478,0.486,,0.686,,0.151,22,,,0,0,
354,Raul Neto,25,UTA,PG,41,0,498,0.457,12.3,0.689,0.311,0.212,0.106,0.06,0.311,0.481,0.638,0.406,0.25,0.333,0.404,0.3,0.947,0,0,0.277,0.462,4,0,
355,Willy Hernangómez,23,2TM,C,48,1,495,0.555,5.3,0.927,0.573,0.268,0.043,0.049,0.073,0.566,0.66,0.455,0.429,0.125,0.417,0.674,1,0.122,20,0.25,0.667,0,0,
355,Willy Hernangómez,23,NYK,C,26,0,233,0.605,5.5,0.938,0.556,0.272,0.049,0.062,0.062,0.632,0.733,0.545,0.5,0.2,0.2,0.688,1,0.148,12,0,,0,0,
355,Willy Hernangómez,23,CHO,C,22,1,262,0.506,5.1,0.916,0.59,0.265,0.036,0.036,0.084,0.5,0.592,0.364,0.333,0,0.571,0.658,1,0.096,8,0.429,0.667,0,0,
356,Al Jefferson,33,IND,C,36,1,484,0.534,8.3,0.986,0.284,0.303,0.226,0.173,0.014,0.541,0.576,0.571,0.617,0.333,0,0.595,,0.043,9,0,,0,0,
357,Kyle Collinsworth,26,DAL,SF,32,2,480,0.384,7.6,0.828,0.354,0.384,0.081,0.01,0.172,0.415,0.486,0.395,0.25,0,0.235,0.294,1,0.051,5,0.353,0.167,0,0,
358,Damyean Dotson,23,NYK,SG,44,2,474,0.447,16.2,0.578,0.211,0.062,0.118,0.186,0.422,0.538,0.588,0.4,0.684,0.433,0.324,0.64,1,0.019,2,0.221,0.333,1,0,
359,Nerlens Noel,23,DAL,C,30,6,472,0.524,4.3,0.99,0.6,0.21,0.143,0.038,0.01,0.529,0.619,0.5,0.333,0,0,0.8,,0.229,19,0,,0,0,
360,Kenneth Faried,28,DEN,PF,32,7,461,0.514,4.5,0.993,0.514,0.365,0.088,0.027,0.007,0.517,0.566,0.444,0.462,0.75,0,0.697,,0.223,26,0,,1,0,
361,T.J. Leaf,20,IND,PF,53,0,459,0.471,11.3,0.691,0.36,0.162,0.096,0.074,0.309,0.489,0.612,0.318,0.462,0.3,0.429,0.5,1,0.051,7,0.333,0.357,0,0,
362,DeAndre' Bembry,23,ATL,SF,26,3,455,0.414,8.7,0.766,0.5,0.148,0.109,0.008,0.234,0.429,0.516,0.211,0.286,1,0.367,0.405,1,0.07,9,0.333,0.4,0,0,
363,Dorian Finney-Smith,24,DAL,PF,21,13,448,0.38,16.4,0.446,0.207,0.107,0.041,0.091,0.554,0.481,0.72,0.308,0,0.364,0.299,0.615,0.95,0.074,7,0.343,0.391,0,0,
364,Willie Reed,27,2TM,C,42,5,428,0.669,2.1,0.983,0.587,0.281,0.091,0.025,0.017,0.672,0.789,0.529,0.364,0.667,0.5,0.7,0,0.215,25,0,,0,0,
364,Willie Reed,27,LAC,C,39,5,419,0.667,4.1,0.983,0.583,0.283,0.092,0.025,0.017,0.669,0.786,0.529,0.364,0.667,0.5,0.696,0,0.208,24,0,,0,0,
364,Willie Reed,27,DET,C,3,0,9,1,0,1,1,0,0,0,0,1,1,,,,,1,,1,1,,,0,0,
365,Dwight Buycks,28,DET,PG,29,0,427,0.414,13.1,0.773,0.288,0.157,0.086,0.242,0.227,0.438,0.596,0.226,0.412,0.396,0.333,0.284,0.4,0,0,0.044,0.5,3,0,
366,Isaiah Canaan,26,2TM,SG,20,1,422,0.38,9.7,0.518,0.314,0.146,0.036,0.022,0.482,0.423,0.349,0.65,0.2,0.333,0.333,0.2,0.591,0,0,0.167,0.455,1,0,
366,Isaiah Canaan,26,HOU,SG,1,0,4,0,5,1,0,1,0,0,0,0,,0,,,,,,0,0,,,0,0,
366,Isaiah Canaan,26,PHO,PG,19,1,418,0.382,14.5,0.515,0.316,0.14,0.037,0.022,0.485,0.429,0.349,0.684,0.2,0.333,0.333,0.2,0.591,0,0,0.167,0.455,1,0,
367,Derrick Rose,29,2TM,PG,25,7,420,0.435,9.5,0.839,0.419,0.172,0.075,0.172,0.161,0.474,0.667,0.281,0.429,0.219,0.233,0.405,0.571,0.005,1,0.367,0.273,1,0,
367,Derrick Rose,29,CLE,PG,16,7,308,0.439,9.8,0.818,0.417,0.152,0.091,0.159,0.182,0.481,0.655,0.25,0.417,0.286,0.25,0.365,0.5,0,0,0.292,0.286,0,0,
367,Derrick Rose,29,MIN,PG,9,0,112,0.426,9.2,0.889,0.426,0.222,0.037,0.204,0.111,0.458,0.696,0.333,0.5,0.091,0.167,0.5,1,0.019,1,0.667,0.25,1,0,
368,Lucas Nogueira,25,TOR,C,49,3,418,0.613,6.6,0.763,0.7,0.063,0,0,0.238,0.721,0.768,0.2,,,0.263,0.818,1,0.375,29,0.211,0,0,0,
369,Shabazz Muhammad,25,2TM,SG,43,2,418,0.447,7.4,0.856,0.378,0.346,0.09,0.043,0.144,0.478,0.62,0.4,0.176,0.5,0.259,0.545,0.857,0.096,14,0.37,0.4,0,0,
369,Shabazz Muhammad,25,MIN,SF,32,2,301,0.388,8.2,0.843,0.322,0.388,0.091,0.041,0.157,0.422,0.538,0.383,0.091,0.6,0.211,0.535,1,0.099,9,0.368,0.286,0,0,
369,Shabazz Muhammad,25,MIL,SG,11,0,117,0.552,6.6,0.881,0.478,0.269,0.09,0.045,0.119,0.576,0.719,0.444,0.333,0.333,0.375,0.559,0.667,0.09,5,0.375,0.667,0,0,
370,Ivica Zubac,20,LAL,C,43,0,410,0.5,3.8,0.992,0.582,0.303,0.09,0.016,0.008,0.504,0.634,0.324,0.364,0,0,0.656,,0.189,19,0,,0,0,
371,Damion Lee,25,ATL,SG,15,11,404,0.408,14.6,0.605,0.178,0.217,0.132,0.079,0.395,0.511,0.778,0.303,0.45,0.583,0.25,0.66,1,0,0,0.3,0.389,1,0,
372,Danuel House Jr.,24,PHO,SG,23,3,403,0.434,13.5,0.55,0.372,0.109,0.008,0.062,0.45,0.577,0.688,0.357,1,0.25,0.259,0.512,0.867,0.147,16,0.293,0.412,1,0,
373,Ramon Sessions,31,2TM,PG,28,3,392,0.359,9.3,0.778,0.35,0.274,0.12,0.026,0.222,0.374,0.512,0.25,0.286,0.333,0.308,0.441,0.875,0.017,2,0.346,0.333,0,0,
373,Ramon Sessions,31,NYK,PG,13,3,167,0.321,8.7,0.792,0.377,0.283,0.132,0,0.208,0.357,0.5,0.2,0.286,,0.182,0.333,0.5,0,0,0.273,0,0,0,
373,Ramon Sessions,31,WAS,PG,15,0,225,0.391,10,0.766,0.328,0.266,0.109,0.047,0.234,0.388,0.524,0.294,0.286,0.333,0.4,0.526,1,0.031,2,0.4,0.5,0,0,
374,Ron Baker,24,NYK,SG,29,1,385,0.339,15.9,0.441,0.288,0.068,0,0.085,0.559,0.346,0.471,0,,0.2,0.333,0.556,0.727,0,0,0.333,0.364,0,0,
375,Shaquille Harrison,24,PHO,PG,23,2,384,0.476,6.5,0.79,0.677,0.089,0.024,0,0.21,0.541,0.607,0.091,0.333,,0.231,0.321,1,0.081,9,0.269,0.429,1,0,
376,Brandan Wright,30,2TM,PF,28,1,381,0.578,2.5,1,0.696,0.167,0.118,0.02,0,0.578,0.69,0.294,0.333,0.5,,0.814,,0.284,23,,,0,0,
376,Brandan Wright,30,MEM,PF,27,1,366,0.576,3.3,1,0.697,0.162,0.121,0.02,0,0.576,0.681,0.313,0.333,0.5,,0.825,,0.293,23,,,0,0,
376,Brandan Wright,30,HOU,PF,1,0,15,0.667,1.7,1,0.667,0.333,0,0,0,0.667,1,0,,,,0.5,,0,0,,,0,0,
377,Johnny O'Bryant,24,CHO,PF,36,0,379,0.398,13.4,0.749,0.216,0.158,0.257,0.117,0.251,0.422,0.649,0.222,0.364,0.4,0.326,0.574,0.929,0.029,5,0.093,0.25,2,0,
378,Myke Henry,25,MEM,SF,20,0,378,0.376,15.3,0.468,0.312,0.046,0.055,0.055,0.532,0.431,0.529,0.2,0.333,0.167,0.328,0.5,0.947,0.073,7,0.362,0.476,0,0,
379,Mike Conley,30,MEM,PG,12,12,373,0.381,14.8,0.542,0.25,0.137,0.095,0.06,0.458,0.44,0.571,0.391,0.25,0.3,0.312,0.2,0.542,0,0,0.091,0.143,0,0,
380,Timofey Mozgov,31,BRK,C,31,13,359,0.559,7.3,0.806,0.548,0.183,0.043,0.032,0.194,0.64,0.725,0.529,0.25,0.333,0.222,0.771,1,0.204,18,0.833,0.267,1,0,
381,Emeka Okafor,35,NOP,C,26,19,353,0.505,5.4,1,0.474,0.263,0.179,0.084,0,0.505,0.644,0.32,0.471,0.375,,0.792,,0.189,16,,,0,0,
382,Jahlil Okafor,22,2TM,C,28,0,353,0.558,6.7,0.971,0.428,0.377,0.159,0.007,0.029,0.567,0.678,0.538,0.364,0,0.25,0.487,0,0.072,10,0.5,0.5,0,0,
382,Jahlil Okafor,22,PHI,C,2,0,25,0.444,8.2,1,0.333,0.222,0.333,0.111,0,0.444,0.333,0.5,0.667,0,,0,,0,0,,,0,0,
382,Jahlil Okafor,22,BRK,C,26,0,328,0.566,5.1,0.969,0.434,0.388,0.147,0,0.031,0.576,0.696,0.54,0.316,,0.25,0.514,0,0.078,10,0.5,0.5,0,0,
383,JaKarr Sampson,24,SAC,SF,22,6,344,0.543,6.8,0.877,0.519,0.235,0.049,0.074,0.123,0.549,0.69,0.368,0.5,0.167,0.5,0.538,1,0.173,12,0.4,0.75,0,0,
384,Glenn Robinson III,24,IND,SF,23,1,338,0.424,14.9,0.6,0.188,0.153,0.082,0.176,0.4,0.431,0.625,0.385,0.429,0.267,0.412,0.636,1,0.035,3,0.471,0.625,0,0,
385,Boban Marjanović,29,2TM,C,39,1,337,0.534,4,1,0.453,0.432,0.088,0.027,0,0.534,0.731,0.391,0.308,0.25,,0.62,,0.155,20,,,0,0,
385,Boban Marjanović,29,DET,C,19,1,171,0.519,4.7,1,0.329,0.557,0.076,0.038,0,0.519,0.692,0.455,0.333,0.333,,0.707,,0.114,7,,,0,0,
385,Boban Marjanović,29,LAC,C,20,0,166,0.551,3.3,1,0.594,0.29,0.101,0.014,0,0.551,0.756,0.25,0.286,0,,0.526,,0.203,13,,,0,0,
386,Patrick Beverley,29,LAC,SG,11,11,334,0.403,15.3,0.496,0.227,0.151,0.067,0.05,0.504,0.407,0.593,0.333,0.25,0,0.4,0.25,0.792,0,0,0.183,0.273,0,0,
387,Henry Ellenson,21,DET,PF,38,0,329,0.363,14.6,0.589,0.164,0.253,0.089,0.082,0.411,0.384,0.75,0.243,0.231,0.25,0.333,0.455,1,0.021,3,0.217,0.308,0,0,
388,Luke Kornet,22,NYK,C,20,1,326,0.392,18.2,0.368,0.192,0.08,0.056,0.04,0.632,0.457,0.708,0.1,0.429,0,0.354,0.81,0.964,0.056,7,0.114,0.333,0,0,
389,Malachi Richardson,22,2TM,SG,26,4,324,0.333,17.9,0.556,0.233,0.078,0.067,0.178,0.444,0.36,0.333,0.286,0.333,0.438,0.3,0.611,0.833,0.011,1,0.225,0.333,0,0,
389,Malachi Richardson,22,SAC,SG,25,4,319,0.33,15.7,0.557,0.239,0.08,0.057,0.182,0.443,0.347,0.333,0.286,0.2,0.438,0.308,0.588,0.833,0.011,1,0.231,0.333,0,0,
389,Malachi Richardson,22,TOR,SG,1,0,5,0.5,20,0.5,0,0,0.5,0,0.5,1,,,1,,0,1,,0,0,0,,0,0,
390,Antonio Blakeney,21,CHI,SG,19,0,314,0.371,15.6,0.636,0.168,0.119,0.119,0.231,0.364,0.418,0.625,0.176,0.412,0.394,0.288,0.5,0.667,0.049,7,0.327,0.412,0,0,
391,Troy Williams,23,2TM,SF,21,1,307,0.468,13.8,0.651,0.514,0.064,0.028,0.046,0.349,0.563,0.625,0.429,0,0.4,0.289,0.6,1,0.193,19,0.184,0.286,0,0,
391,Troy Williams,23,HOU,SF,4,0,17,0.222,17.8,0.444,0.222,0,0.111,0.111,0.556,0.5,0.5,,0,1,0,0,,0,0,0,,0,0,
391,Troy Williams,23,NYK,SF,17,1,290,0.49,9.8,0.67,0.54,0.07,0.02,0.04,0.33,0.567,0.63,0.429,0,0.25,0.333,0.632,1,0.21,19,0.212,0.286,0,0,
392,Ryan Arcidiacono,23,CHI,PG,24,0,304,0.415,21.1,0.244,0.098,0.098,0,0.049,0.756,0.8,1,0.5,,1,0.29,0.5,0.889,0,0,0.323,0.6,1,0,
393,Rodney McGruder,26,MIA,SG,18,2,299,0.493,14.3,0.521,0.219,0.178,0.055,0.068,0.479,0.553,0.875,0.308,0.5,0.2,0.429,0.571,0.867,0,0,0.657,0.348,0,0,
394,Rodney Purvis,23,ORL,SG,16,2,290,0.327,18.6,0.514,0.121,0.047,0.103,0.243,0.486,0.4,0.538,0.4,0.364,0.346,0.25,0.591,0.846,0.009,0,0.288,0.2,1,0,
395,Jason Smith,31,WAS,C,33,2,285,0.391,14.6,0.722,0.209,0.096,0.13,0.287,0.278,0.494,0.708,0.182,0.4,0.485,0.125,0.854,1,0.043,5,0.344,0,0,0,
396,Jordan Mickey,23,MIA,PF,23,3,284,0.476,7.6,0.805,0.5,0.232,0.037,0.037,0.195,0.561,0.61,0.526,0,0.667,0.125,0.649,1,0.159,9,0.438,0.286,0,0,
397,Jamel Artis,25,ORL,SG,15,1,279,0.392,14.6,0.633,0.152,0.228,0.076,0.177,0.367,0.46,0.667,0.444,0.333,0.357,0.276,0.696,0.875,0.013,0,0.31,0.222,0,0,
398,Juancho Hernangómez,22,DEN,PF,25,3,277,0.387,16.8,0.333,0.2,0.133,0,0,0.667,0.6,0.8,0.3,,,0.28,0.533,0.929,0.027,2,0.34,0.412,0,0,
399,Iman Shumpert,27,CLE,SG,14,6,276,0.379,18.1,0.552,0.121,0.069,0.052,0.31,0.448,0.469,0.714,0.5,0.667,0.333,0.269,0.467,0.429,0.017,1,0.308,0.25,0,0,
400,Jamil Wilson,27,LAC,SF,15,10,274,0.469,21.4,0.222,0.074,0.049,0.025,0.074,0.778,0.611,0.833,0.25,0,0.833,0.429,0.818,1,0.025,2,0.095,0.333,0,0,
401,Tony Allen,36,NOP,SF,22,0,273,0.484,6.1,0.868,0.659,0.154,0,0.055,0.132,0.506,0.567,0.357,,0.2,0.333,0.7,1,0.022,2,0.333,0.75,1,0,
402,Meyers Leonard,25,POR,C,33,2,254,0.59,13.4,0.667,0.244,0.128,0.154,0.141,0.333,0.673,0.789,0.6,0.667,0.545,0.423,0.771,1,0.103,8,0.154,0.5,0,0,
403,Markelle Fultz,19,PHI,SG,14,0,253,0.405,6.2,0.991,0.369,0.351,0.207,0.063,0.009,0.409,0.659,0.205,0.348,0.286,0,0.333,,0.027,2,0,,0,0,
404,Derrick Jones Jr.,20,2TM,SF,20,8,245,0.396,11.3,0.66,0.358,0.245,0.057,0,0.34,0.514,0.684,0.385,0,,0.167,0.278,1,0.132,7,0.444,0.25,0,0,
404,Derrick Jones Jr.,20,PHO,SF,6,0,33,0.5,12.5,0.5,0.5,0,0,0,0.5,1,1,,,,0,0.5,,0.25,1,0.5,0,0,0,
404,Derrick Jones Jr.,20,MIA,SF,14,8,212,0.388,10.2,0.673,0.347,0.265,0.061,0,0.327,0.485,0.647,0.385,0,,0.188,0.25,1,0.122,6,0.438,0.286,0,0,
405,Davon Reed,22,PHO,SG,21,1,242,0.289,17.7,0.5,0.171,0.079,0.053,0.197,0.5,0.289,0.308,0.5,0.5,0.133,0.289,0.455,1,0,0,0.132,0,0,0,